,DATASET,Comparison,μ₁,μ₂,d,t-test (paired),p (paired),t-test (Welch's),p (Welch's),Wilcoxon,p (Wilcoxon),Mann-Whitney U,p (Mann-Whitney),AUC
Largest Eigenvalue,OSTEO,duloxetine_v_nopain,17260.445521364938,17350.597886260606,-0.023893950361932727,,,-0.0740803719350513,0.9413832808599234,,,190.0,0.9887910583324784,0.5
Noise Ratio,OSTEO,duloxetine_v_nopain,0.012810039121896757,0.010869565217391302,0.47964892602042614,,,1.505957724091519,0.14081169673260385,,,247.0,0.10250112487927227,0.65
Shifted Noise Ratio,OSTEO,duloxetine_v_nopain,0.01782471906534491,0.017725752508361205,0.017628290380719034,,,0.05482325078946724,0.9565851273058892,,,196.5,0.8630108743536857,0.5171052631578947
β,OSTEO,duloxetine_v_nopain,0.9999899849128617,0.9999899849128617,0.0,,,,,,,,,
