,Logistic Regression,LDA,SVM,KNN-1,KNN-2,KNN-3,KNN-4,KNN-5,KNN-6,KNN-7,KNN-8,KNN-9,KNN-10,KNN-20
count,0.0,0.0,0.0,0.0,0.0,0.0,0.0,0.0,0.0,0.0,0.0,0.0,0.0,0.0
mean,-0.08898944193061831,-0.08710819266260228,-0.008273751976894284,-0.05732074232199058,-0.04109770175548788,-0.033024894456923914,-0.01726296432032226,-0.0412169570752976,-0.034414209501574144,-0.03899206825140067,-0.03096773209139081,-0.020303169085903572,-0.010864845261390532,-0.0019439101462470632
std,0.16031298735395424,0.1391865795456362,0.014771011918683297,0.062126284242781216,0.057712170213576885,0.07448430200956899,0.06486567425362941,0.08562647642683036,0.06970383527089688,0.06449276799233952,0.06625031285921004,0.040986931347655076,0.034833709825174086,0.011758622190642692
min,-0.5,-0.5,-0.08974358974358976,-0.1964285714285715,-0.1964285714285715,-0.25,-0.1964285714285715,-0.17857142857142855,-0.17857142857142855,-0.21794871794871795,-0.21794871794871795,-0.0641025641025641,-0.034090909090909116,-0.045454545454545525
25%,0.0,-0.05681818181818171,0.0,-0.07045454545454544,-0.06818181818181812,-0.03409090909090906,-0.022727272727272707,-0.13519813519813517,-0.05681818181818171,-0.027338603425559937,-0.019138755980861233,-0.0418313570487483,-0.03458498023715406,-0.0019762845849802257
50%,0.0,0.0,0.0,-0.09230462519936211,-0.03548644338118023,-0.04697226938313526,-0.04697226938313526,-0.04697226938313526,-0.04697226938313526,-0.04697226938313526,-0.04697226938313526,-0.04697226938313526,-0.04697226938313526,-0.006265664160400974
75%,0.0,0.0,-0.013157894736842035,-0.13157894736842102,-0.06638755980861244,-0.0435087719298245,0.0,0.0,0.0,0.0,0.0,0.0,0.0,0.0
max,0.0,0.0,0.0,0.10465949820788534,0.10465949820788534,0.09175627240143358,0.09175627240143358,0.09175627240143358,0.06594982078853051,0.06594982078853051,0.07240143369175633,0.07240143369175633,0.07240143369175633,0.0
