,Logistic Regression,LDA,SVM,KNN-1,KNN-2,KNN-3,KNN-4,KNN-5,KNN-6,KNN-7,KNN-8,KNN-9,KNN-10,KNN-20
count,0.0,0.0,0.0,0.0,0.0,0.0,0.0,0.0,0.0,0.0,0.0,0.0,0.0,0.0
mean,-0.07239819004524883,-0.017781749938576397,-0.017645739222645673,-0.055410403658431084,-0.01982691066221598,-0.023300162344046416,-0.017988240030367808,-0.02885635513964324,-0.021056758041655854,-0.006697946944246191,-0.0021361046120054183,-0.021458933297944682,-0.03463615681433596,-0.025998583958735666
std,0.1332525218877633,0.04270401624798981,0.07340160038478724,0.05727257903522345,0.05241219584975479,0.051111371850522086,0.046060150639471276,0.06518600677826117,0.06241332999509214,0.043367964881308285,0.03817710077872288,0.04304587792446518,0.0609005693320786,0.05554144065500721
min,-0.5,-0.2948717948717949,-0.47435897435897434,-0.16666666666666669,-0.16666666666666669,-0.08974358974358976,-0.0892857142857143,-0.16666666666666669,-0.16666666666666669,-0.045454545454545525,-0.07954545454545447,-0.14102564102564097,-0.16666666666666669,-0.2948717948717949
25%,0.0,-0.010454545454545383,0.022727272727272818,-0.05681818181818171,-0.025454545454545396,-0.040078201368523914,-0.020454545454545392,-0.045454545454545414,-0.035454545454545405,-0.027338603425559937,-0.006993006993006978,-0.022727272727272707,-0.03458498023715406,0.008116883116883189
50%,0.0,0.009968102073365182,0.021331738437001535,-0.08094098883572565,-0.03548644338118023,-0.03548644338118023,-0.05821371610845294,-0.03548644338118023,-0.02412280701754388,-0.0695773524720893,-0.03548644338118023,-0.05821371610845294,-0.08094098883572565,-0.02412280701754388
75%,0.0,-0.0035087719298245723,-0.013157894736842035,-0.13157894736842102,-0.013157894736842035,-0.03017543859649119,-0.01684210526315788,-0.03017543859649119,-0.0035087719298245723,-0.0035087719298245723,0.0,0.0,0.0,0.0
max,0.0,0.0,0.0,0.10465949820788534,0.10465949820788534,0.10465949820788534,0.10465949820788534,0.08530465949820798,0.08530465949820798,0.0594982078853048,0.0594982078853048,0.027240143369175573,0.046594982078853264,0.0
