,Logistic Regression,LDA,SVM,KNN-1,KNN-2,KNN-3,KNN-4,KNN-5,KNN-6,KNN-7,KNN-8,KNN-9,KNN-10,KNN-20
count,0.0,0.0,0.0,0.0,0.0,0.0,0.0,0.0,0.0,0.0,0.0,0.0,0.0,0.0
mean,-0.06332763868440305,-0.1308106734756329,0.025205381478791367,-0.018284408806599428,0.017682828926483984,-0.0016902258448572294,0.03459546690250048,0.0018381501982820403,0.02946396515629346,0.02277083597517049,0.033042271327837214,0.03440576906162962,0.028978983809085257,0.023072229609882866
std,0.07891914983880194,0.0048972753308276495,0.04344025858215242,0.07552039068630009,0.02767842737733678,0.059428296898581645,0.03798567235595893,0.06347677783258787,0.046415299263780074,0.04533622536672996,0.03895831574600517,0.03417384492215311,0.04460866412406106,0.04625522309976446
min,-0.34946236559139787,-0.33870967741935487,-0.16666666666666669,-0.33870967741935487,-0.034090909090909116,-0.2096774193548387,-0.034090909090909116,-0.11290322580645162,-0.05357142857142855,-0.05913978494623667,-0.017857142857142794,-0.016129032258064502,-0.06818181818181818,-0.05681818181818182
25%,-0.045454545454545414,-0.058612440191387505,0.03409090909090917,-0.022727272727272707,0.03409090909090917,0.008116883116883189,0.024437927663734205,-0.022727272727272707,0.024437927663734205,0.0,0.009545454545454635,0.02954545454545454,0.018648018648018683,-0.015454545454545388
50%,-0.10912280701754384,-0.13775917065390753,0.006674294431731509,-0.03508771929824561,-0.012759170653907526,-0.03578947368421059,0.009968102073365182,-0.05821371610845294,-0.012759170653907526,-0.02412280701754388,0.0,0.021331738437001535,-0.001395534290271172,-0.006265664160400974
75%,-0.12320574162679421,-0.18327067669172925,0.0,-0.03947368421052633,-0.0035087719298245723,-0.03229665071770327,0.009824561403508847,0.013157894736842146,0.009824561403508847,0.013157894736842146,0.009824561403508847,-0.0035087719298245723,0.009824561403508847,0.009824561403508847
max,0.11111111111111116,-0.11805555555555547,0.09175627240143358,0.11111111111111116,0.11111111111111116,0.11111111111111116,0.11111111111111116,0.11111111111111116,0.11111111111111116,0.09820788530465951,0.10465949820788534,0.09820788530465951,0.09820788530465951,0.09820788530465951
