,LR,LDA,SVM,KNN-1,KNN-2,KNN-3,KNN-4,KNN-5,KNN-6,KNN-7,KNN-8,KNN-9,KNN-10,KNN-20
mean,-0.01027107928842195,-0.07623953984225088,-0.00014044709272868528,-0.08559270704261455,-0.05102099076573021,-0.05703814735605472,-0.03525179895181935,-0.047462055069166904,-0.023925087473893585,-0.029245631727423865,-0.017002494002942323,-0.02587958511536338,-0.013554826206430197,-0.00722268312989288
std,0.07571112636588541,0.08155121130913315,0.06594635958909698,0.13654420388734123,0.0870429840718738,0.10753279572190051,0.08653291964665931,0.08848374229259624,0.06843076049464109,0.08045700480296103,0.06498744851607612,0.07216693977595985,0.06039012307039027,0.06355265030774042
min,-0.5128205128205128,-0.2666666666666667,-0.5,-0.4838709677419355,-0.33333333333333337,-0.3870967741935484,-0.375,-0.3010752688172043,-0.2678571428571428,-0.24731182795698925,-0.19298245614035087,-0.20430107526881724,-0.20512820512820507,-0.23076923076923073
25%,-0.007246376811594124,-0.1300841514726507,-0.002717391304347838,-0.12802419354838712,-0.10249125874125871,-0.12,-0.07430875576036869,-0.09090909090909094,-0.05161290322580647,-0.07954545454545452,-0.04886363636363637,-0.07107142857142855,-0.03853383458646617,-0.0340909090909091
50%,0.0,-0.07057159026598758,0.0,-0.06980994152046782,-0.04258064516129034,-0.045454545454545414,-0.03409090909090906,-0.03721198156682032,-0.022727272727272707,-0.025403225806451657,-0.022727272727272707,-0.017700501253132828,-0.012260765550239194,0.0
75%,0.0,-0.01821658615136873,0.0,-0.005362903225806459,0.0,0.01678108314263918,0.011363636363636465,0.0,0.0,0.012518328445747767,0.004838709677419284,0.006451612903225712,0.005417413381123004,0.0
max,0.2051282051282053,0.125,0.2051282051282053,0.17948717948717952,0.23076923076923084,0.15384615384615385,0.23076923076923084,0.17948717948717952,0.23076923076923084,0.23076923076923084,0.2051282051282053,0.23076923076923084,0.23076923076923084,0.2564102564102565
