,Logistic Regression,LDA,SVM,KNN-1,KNN-2,KNN-3,KNN-4,KNN-5,KNN-6,KNN-7,KNN-8,KNN-9,KNN-10,KNN-20
count,0.0,0.0,0.0,0.0,0.0,0.0,0.0,0.0,0.0,0.0,0.0,0.0,0.0,0.0
mean,-0.025569176804386085,-0.10106494680876243,0.017824632358416803,-0.07991833977692564,-0.04551379855777826,-0.06104575701170767,-0.031144822619785573,-0.04404396579028669,-0.0218658469267089,-0.033295783927985934,-0.01646322070115036,-0.010529787323700912,-0.006003784230641407,0.00603221691669753
std,0.012858186566998442,0.010963053011657314,-0.0022087781883568525,0.043258895862400754,0.011825462560022704,0.03999082834862189,0.024411895933796585,0.04301794109343793,0.028558969179731525,0.03328489479190952,0.027712618416615237,0.02447918863614096,0.021512310858265465,0.016830969511811317
min,-0.09090909090909088,-0.2435897435897436,-0.08974358974358976,-0.3602150537634409,-0.1964285714285715,-0.28494623655913975,-0.1842105263157895,-0.22043010752688175,-0.11538461538461536,-0.1989247311827957,-0.14583333333333331,-0.08500000000000002,-0.07971014492753625,-0.16666666666666669
25%,-0.025454545454545396,-0.06818181818181812,0.034545454545454546,-0.06331168831168821,-0.045454545454545414,-0.052700922266139594,-0.04045454545454541,-0.045454545454545414,-0.011363636363636354,-0.045454545454545414,-0.027338603425559937,-0.019138755980861233,-0.009740259740259716,0.011363636363636354
50%,-0.052631578947368474,-0.13596491228070173,0.0,-0.08094098883572565,-0.0695773524720893,-0.08094098883572565,-0.05821371610845294,-0.06941266209000763,-0.046850079744816586,-0.05937921727395412,-0.046850079744816586,-0.03548644338118023,-0.02412280701754388,-0.012759170653907526
75%,-0.03017543859649119,-0.13456937799043056,0.0,-0.1004784688995215,-0.03947368421052633,-0.08911483253588515,-0.020933014354066914,-0.03947368421052633,-0.013157894736842035,-0.03947368421052633,0.0,-0.0046992481203007586,0.0,0.0
max,0.04014336917562733,-0.04861111111111105,0.046594982078853264,-0.005017921146953319,0.0014336917562725038,0.053046594982078754,0.053046594982078754,0.0594982078853048,0.0594982078853048,0.0594982078853048,0.0594982078853048,0.0594982078853048,0.0594982078853048,0.06594982078853051
