,Logistic Regression,LDA,SVM,KNN-1,KNN-2,KNN-3,KNN-4,KNN-5,KNN-6,KNN-7,KNN-8,KNN-9,KNN-10,KNN-20
count,0.0,0.0,0.0,0.0,0.0,0.0,0.0,0.0,0.0,0.0,0.0,0.0,0.0,0.0
mean,-0.011025149680849333,-0.06940693422725464,-0.003581462631334742,-0.07569608278230966,-0.050198145591447196,-0.05580829057389736,-0.03228511881830165,-0.04130705585770078,-0.023911732099598626,-0.03280231136661682,-0.02439619322169817,-0.03280656759109113,-0.019895595344693984,-0.01027929208300371
std,0.009692086505428105,0.02073229031846921,0.008326889233023327,0.040233070370234825,-0.006692955289835503,0.039836596942910946,0.019240466947393592,0.03453605219171091,0.02576356000899388,0.030689159230062157,0.029272483989877723,0.028484617133322343,0.02748510821801281,0.01906943200664321
min,-0.20454545454545447,-0.12365591397849462,-0.26136363636363635,-0.34946236559139787,-0.09649122807017552,-0.25268817204301075,-0.10227272727272729,-0.1774193548387097,-0.16666666666666669,-0.18181818181818182,-0.15909090909090912,-0.125,-0.15909090909090912,-0.11363636363636359
25%,-0.012845849802371467,-0.06818181818181812,0.03409090909090917,-0.07954545454545453,-0.03409090909090906,-0.045454545454545414,-0.045454545454545414,-0.03668261562998398,-0.02759740259740251,-0.03668261562998398,-0.02759740259740251,-0.045454545454545414,-0.024621212121212044,-0.00922266139657435
50%,-0.006265664160400974,-0.11066126855600544,0.0,-0.08094098883572565,-0.06202603282399555,-0.0695773524720893,-0.0695773524720893,-0.05983709273182958,-0.05821371610845294,-0.08094098883572565,-0.06847764572722126,-0.07769423558897248,-0.046850079744816586,-0.03508771929824561
75%,-0.0035087719298245723,-0.1004784688995215,0.0,-0.0529711375212224,-0.06578947368421051,-0.0777511961722488,-0.02631578947368418,-0.056842105263157805,-0.01889338731443979,-0.04366028708133962,-0.013157894736842035,-0.020933014354066914,0.0,0.0
max,0.0,0.04014336917562733,0.00462962962962965,0.07240143369175633,0.053046594982078754,0.07240143369175633,0.07885304659498216,0.07885304659498216,0.07885304659498216,0.07885304659498216,0.07240143369175633,0.07885304659498216,0.07240143369175633,0.06594982078853051
