,LR,LDA,SVM,KNN-1,KNN-2,KNN-3,KNN-4,KNN-5,KNN-6,KNN-7,KNN-8,KNN-9,KNN-10,KNN-20
mean,-0.013463058680449969,-0.01778174993857651,-0.017645739222645753,-0.0554104036584312,-0.019826910662216063,-0.022631713146185627,-0.017319790832506888,-0.030861702733226255,-0.019719859645934,-0.006697946944246309,-0.0021361046120054934,-0.019779240441781327,-0.026271971979562964,-0.028346726012760157
std,0.059715452278343434,0.08562292323467605,0.12616137532152247,0.1390146505386268,0.12069699455902184,0.11069802242633148,0.10885853020351796,0.11583979423783682,0.11269887692552763,0.08659540992088031,0.07799796687373262,0.05848076985838196,0.07931143148794492,0.0975039769066178
min,-0.23076923076923073,-0.30769230769230765,-0.4871794871794871,-0.31578947368421056,-0.31578947368421056,-0.25,-0.25,-0.31578947368421056,-0.31578947368421056,-0.1785714285714285,-0.1785714285714285,-0.10256410256410253,-0.1785714285714285,-0.3589743589743589
25%,0.0,-0.03409090909090917,-0.011363636363636354,-0.10879629629629628,-0.045454545454545525,-0.08564814814814814,-0.07692307692307687,-0.06818181818181812,-0.045454545454545414,-0.045454545454545525,-0.025362318840579712,-0.0535714285714286,-0.07500000000000001,-0.045454545454545414
50%,0.0,0.0,0.0,-0.051282051282051155,-0.013157894736842035,-0.022727272727272707,0.0,-0.040000000000000036,-0.01333333333333342,-0.010000000000000009,0.0,-0.03985507246376807,-0.032608695652173836,0.0
75%,0.0,0.019354838709677358,0.03409090909090906,0.0,0.022727272727272707,0.045454545454545525,0.025000000000000022,0.045454545454545414,0.011363636363636354,0.03409090909090917,0.03508771929824561,0.0,0.0,0.0
max,0.06818181818181823,0.13636363636363635,0.11363636363636365,0.19354838709677413,0.19354838709677413,0.19354838709677413,0.19354838709677413,0.17419354838709677,0.17419354838709677,0.1483870967741936,0.1483870967741936,0.11612903225806437,0.13548387096774206,0.08387096774193548
