,LR,LDA,SVM,KNN-1,KNN-2,KNN-3,KNN-4,KNN-5,KNN-6,KNN-7,KNN-8,KNN-9,KNN-10,KNN-20
mean,-0.07088989441930618,-0.012750680691857152,0.02460260801816779,-0.05865082822019238,-0.029617432599219302,-0.02952021323995365,-0.013073770367679574,-0.0022653601867471517,0.010765615375166447,0.007925045155580254,0.019807033243880588,0.017537997227270737,0.012150360180464535,0.014369855600581736
std,0.164379084410002,0.03687682750051079,0.08028441196193374,0.12978014344923677,0.1271044082924314,0.10239444779455076,0.0997859238018227,0.10508958239754276,0.09350183980048742,0.09662898496092621,0.0801302255155742,0.07828320524357311,0.07719063060781206,0.08502578609395259
min,-0.5,-0.14500000000000002,-0.1964285714285714,-0.30092592592592593,-0.3402777777777777,-0.1964285714285714,-0.25,-0.21052631578947373,-0.21052631578947373,-0.22807017543859653,-0.15789473684210525,-0.10526315789473684,-0.11363636363636359,-0.18181818181818182
25%,0.0,0.0,0.0,-0.11363636363636354,-0.06818181818181823,-0.10227272727272718,-0.045454545454545414,-0.05376344086021512,-0.03623188405797095,-0.02898550724637683,-0.011363636363636298,-0.03409090909090906,-0.03508771929824561,0.0
50%,0.0,0.0,0.0,-0.07954545454545459,-0.011363636363636298,-0.01333333333333342,0.0,-0.011363636363636354,0.0,0.0,0.0,0.0,0.0,0.0
75%,0.0,0.0,0.07954545454545459,0.011363636363636354,0.0,0.0,0.015000000000000013,0.025000000000000022,0.025000000000000022,0.03409090909090917,0.02898550724637683,0.0357142857142857,0.03409090909090906,0.05681818181818188
max,0.0,0.02564102564102566,0.17948717948717952,0.1870967741935483,0.19354838709677413,0.19354838709677413,0.19354838709677413,0.2051282051282053,0.2051282051282053,0.2051282051282053,0.2051282051282053,0.2051282051282053,0.2051282051282053,0.2051282051282053
