,Logistic Regression,LDA,SVM,KNN-1,KNN-2,KNN-3,KNN-4,KNN-5,KNN-6,KNN-7,KNN-8,KNN-9,KNN-10,KNN-20
count,0.0,0.0,0.0,0.0,0.0,0.0,0.0,0.0,0.0,0.0,0.0,0.0,0.0,0.0
mean,-0.06938159879336347,-0.017377869143074376,-0.031280581165231025,-0.10672981033642592,-0.044884629033398626,-0.027888495395562152,-0.046031066353538264,-0.045652743228079995,-0.037055591200659044,0.00968956162198431,0.013952417739060419,0.017650251895602653,0.02083604514698456,-0.03724077302642559
std,0.1299595424036631,0.0327903701973421,0.05150531572204828,0.08188257293068843,0.07307180795343332,0.06480016524166798,0.06262932281736211,0.08505549841658344,0.0739800375602111,0.03947062005696986,0.0352627505926055,0.029885284754465585,0.0290447619200683,0.05432019335058769
min,-0.5,-0.2,-0.28409090909090906,-0.22999999999999998,-0.17857142857142855,-0.16666666666666669,-0.14912280701754388,-0.30701754385964913,-0.30701754385964913,-0.07954545454545447,-0.125,-0.022727272727272707,-0.030000000000000027,-0.20454545454545447
25%,0.0,-0.0019762845849802257,0.009545454545454635,-0.12440191387559807,-0.0839160839160838,-0.045454545454545414,-0.10227272727272724,-0.06331168831168821,-0.06331168831168821,0.0,0.027009222661396604,0.023386034255599486,0.0,-0.045454545454545414
50%,0.0,-0.0080971659919028,-0.01754385964912286,-0.1718500797448166,-0.06847764572722126,-0.046850079744816586,-0.05772495755517826,-0.10366826156299846,-0.036219581211092255,-0.001395534290271172,0.009968102073365182,-0.012759170653907526,0.009968102073365182,-0.0695773524720893
75%,0.0,0.0,-0.013157894736842035,-0.16866028708133962,-0.01684210526315788,-0.0435087719298245,-0.013157894736842035,-0.013157894736842035,0.0,0.0,0.0,0.0,0.0,0.0
max,0.0,0.0,0.0,0.08530465949820798,0.08530465949820798,0.09175627240143358,0.09175627240143358,0.07240143369175633,0.07240143369175633,0.08530465949820798,0.08530465949820798,0.08530465949820798,0.08530465949820798,0.027240143369175573
