,Logistic Regression,LDA,SVM,KNN-1,KNN-2,KNN-3,KNN-4,KNN-5,KNN-6,KNN-7,KNN-8,KNN-9,KNN-10,KNN-20
count,0.0,0.0,0.0,0.0,0.0,0.0,0.0,0.0,0.0,0.0,0.0,0.0,0.0,0.0
mean,-0.07088989441930615,-0.012750680691857141,0.02460260801816805,-0.0586508282201923,-0.02961743259921923,-0.029520213239953574,-0.013073770367679538,-0.0022653601867470563,0.010765615375166515,0.007925045155580346,0.019807033243880667,0.017537997227270896,0.01215036018046467,0.014369855600581904
std,0.13153729317562832,0.01814854025219842,0.007942821371373546,0.04044559531134301,0.04271143593491589,0.05841942593501112,0.046793297337415746,0.053591491466140256,0.042535106112099264,0.03887810699195057,0.02625226225023794,0.03144533840392014,0.03752312012128836,0.03654929070725291
min,-0.5,-0.14500000000000002,-0.0357142857142857,-0.09649122807017552,-0.09649122807017552,-0.14,-0.0892857142857143,-0.09090909090909088,-0.06140350877192985,-0.07894736842105265,-0.011363636363636298,-0.034090909090909116,-0.06818181818181818,-0.18181818181818182
25%,0.0,-0.0019762845849802257,0.03409090909090917,-0.03409090909090906,-0.02759740259740251,-0.05422647527910679,-0.022727272727272707,-0.020454545454545392,-0.020454545454545392,-0.022727272727272707,0.022727272727272818,-0.0015948963317383713,-0.011363636363636354,0.019545454545454533
50%,0.0,-0.006265664160400974,0.0,-0.08094098883572565,-0.10051169590643272,-0.0695773524720893,-0.05937921727395412,-0.046850079744816586,0.029448621553884724,-0.012759170653907526,-0.012759170653907526,0.03269537480063789,-0.012759170653907526,0.03269537480063789
75%,0.0,0.0,0.0,-0.12320574162679421,-0.04366028708133962,-0.0035087719298245723,0.0,0.0,0.0,0.0,0.0,0.0,0.0,0.0
max,0.0,0.0,0.053046594982078754,0.09820788530465951,0.10465949820788534,0.10465949820788534,0.10465949820788534,0.10465949820788534,0.07885304659498216,0.07885304659498216,0.07240143369175633,0.053046594982078754,0.053046594982078754,0.053046594982078754
