,LR,LDA,SVM,KNN-1,KNN-2,KNN-3,KNN-4,KNN-5,KNN-6,KNN-7,KNN-8,KNN-9,KNN-10,KNN-20
mean,-0.27677361058079164,-0.2803157563378623,-0.2261778944443654,-0.33191028665603023,-0.2599680153422027,-0.3012936626606247,-0.2605048129659504,-0.2623233337207236,-0.24922166199761842,-0.24671339210440546,-0.23812753224410457,-0.2605281172697335,-0.24949786045376993,-0.24053770545042755
std,0.19279378799764274,0.20351288640652,0.13562005760959123,0.1746568698982207,0.12027324584109998,0.17458104328787621,0.14366039217539966,0.14866943540240865,0.1402443012104352,0.1453493125820076,0.13550459435550927,0.1475953166231165,0.1356187561493599,0.1399693211900105
min,-0.8547979797979798,-0.7411616161616161,-0.5252525252525251,-0.7168458781362006,-0.44388888888888883,-0.6200716845878136,-0.5555555555555556,-0.5448028673835124,-0.47388888888888886,-0.5017921146953405,-0.44888888888888884,-0.46388888888888885,-0.44570707070707066,-0.45299145299145294
25%,-0.3434343434343434,-0.3434343434343434,-0.2910628019323671,-0.43434343434343436,-0.35125448028673834,-0.3562801932367149,-0.33531746031746024,-0.34178743961352653,-0.36257309941520466,-0.32748538011695905,-0.32748538011695905,-0.36352657004830913,-0.34541062801932365,-0.30934343434343425
50%,-0.23976608187134496,-0.2748538011695906,-0.26388888888888884,-0.3434343434343434,-0.26388888888888884,-0.3155555555555555,-0.2525252525252525,-0.2752525252525252,-0.2525252525252525,-0.2525252525252525,-0.2735042735042734,-0.29960317460317454,-0.2752525252525252,-0.26388888888888884
75%,-0.15204678362573099,-0.15204678362573099,-0.15204678362573099,-0.2752525252525252,-0.18222222222222217,-0.24116161616161613,-0.16161616161616155,-0.2088888888888888,-0.14222222222222214,-0.1729797979797979,-0.1502525252525252,-0.17836257309941517,-0.1915204678362573,-0.15204678362573099
max,0.0,0.0594982078853048,0.0594982078853048,0.04014336917562733,0.04014336917562733,0.046594982078853264,0.027240143369175573,0.046594982078853264,0.0594982078853048,0.0594982078853048,0.0594982078853048,0.046594982078853264,0.0594982078853048,0.0594982078853048
