,LR,LDA,SVM,KNN-1,KNN-2,KNN-3,KNN-4,KNN-5,KNN-6,KNN-7,KNN-8,KNN-9,KNN-10,KNN-20
mean,-0.2972404570972736,-0.37489764614435145,-0.2505234406258943,-0.2743579741832231,-0.24118066429474638,-0.27135232542771215,-0.241939402587929,-0.2352289378217193,-0.21925365981635214,-0.21366364170434088,-0.20910590076006552,-0.21890124701194216,-0.2141952705205693,-0.21969226646496193
std,0.1932167617369359,0.15480849322575102,0.18404938802152063,0.1889274303660741,0.14595716870654943,0.17678738381207898,0.15526105667679296,0.15322841674757237,0.15192704984046404,0.15175936934753878,0.13886869333364144,0.143044355153371,0.13454750010161495,0.1428064091440056
min,-0.7598566308243727,-0.7921146953405017,-0.658119658119658,-0.7383512544802867,-0.4424603174603174,-0.6308243727598566,-0.43434343434343436,-0.5125448028673835,-0.40025252525252514,-0.5125448028673835,-0.42297979797979796,-0.42652329749103945,-0.38888888888888884,-0.4786324786324786
25%,-0.37103174603174593,-0.4273504273504272,-0.3288888888888888,-0.35317460317460314,-0.3688888888888888,-0.37606837606837606,-0.37103174603174593,-0.32478632478632474,-0.36200716845878134,-0.30934343434343425,-0.3099415204678362,-0.32478632478632474,-0.30934343434343425,-0.3038888888888889
50%,-0.33625730994152037,-0.38888888888888884,-0.23309178743961345,-0.3038888888888889,-0.24415204678362568,-0.283625730994152,-0.2979797979797979,-0.2979797979797979,-0.28661616161616155,-0.2735042735042734,-0.2525252525252525,-0.2525252525252525,-0.2752525252525252,-0.24116161616161613
75%,-0.21843434343434343,-0.29388888888888887,-0.15204678362573099,-0.13888888888888884,-0.16666666666666663,-0.21843434343434343,-0.15555555555555556,-0.16161616161616155,-0.14222222222222214,-0.14222222222222214,-0.14222222222222214,-0.14222222222222214,-0.14222222222222214,-0.14222222222222214
max,0.06594982078853051,-0.08796296296296291,0.027240143369175573,0.07885304659498216,0.07240143369175633,0.07885304659498216,0.046594982078853264,0.046594982078853264,0.0594982078853048,0.0594982078853048,0.0594982078853048,0.046594982078853264,0.0594982078853048,0.0594982078853048
