,LR,LDA,SVM,KNN-1,KNN-2,KNN-3,KNN-4,KNN-5,KNN-6,KNN-7,KNN-8,KNN-9,KNN-10,KNN-20
mean,-0.016379404908816668,-0.012750680691857152,0.02460260801816779,-0.05811854459967346,-0.02694363580777545,-0.02818331484423173,-0.014410668763401503,-0.0036022585824690744,0.010765615375166447,0.008593494353441216,0.019807033243880588,0.017537997227270737,0.012091724285915328,-0.003965544975406076
std,0.05735956545784323,0.03687682750051079,0.08028441196193374,0.12978051886077432,0.12686099237742834,0.10187659257491977,0.1000597860887058,0.1050520323541755,0.09350183980048742,0.09684802691351123,0.0801302255155742,0.07828320524357311,0.0755795721377873,0.08126580742691439
min,-0.19318181818181818,-0.14500000000000002,-0.1964285714285714,-0.3032407407407407,-0.3402777777777777,-0.1964285714285714,-0.25,-0.21052631578947373,-0.21052631578947373,-0.22807017543859653,-0.15789473684210525,-0.10526315789473684,-0.07017543859649122,-0.18181818181818182
25%,0.0,0.0,0.0,-0.10227272727272718,-0.05681818181818177,-0.09090909090909083,-0.045454545454545525,-0.05376344086021512,-0.03623188405797095,-0.02898550724637683,-0.011363636363636298,-0.03409090909090906,-0.03623188405797095,-0.011363636363636354
50%,0.0,0.0,0.0,-0.07954545454545459,-0.011363636363636298,-0.01333333333333342,0.0,-0.011363636363636354,0.0,0.0,0.0,0.0,0.0,0.0
75%,0.0,0.0,0.07954545454545459,0.011363636363636354,0.0,0.0,0.015000000000000013,0.025000000000000022,0.025000000000000022,0.0357142857142857,0.02898550724637683,0.0357142857142857,0.03409090909090906,0.0357142857142857
max,0.03409090909090917,0.02564102564102566,0.17948717948717952,0.1870967741935483,0.19354838709677413,0.19354838709677413,0.19354838709677413,0.2051282051282053,0.2051282051282053,0.2051282051282053,0.2051282051282053,0.2051282051282053,0.2051282051282053,0.14193548387096755
