,LR,LDA,SVM,KNN-1,KNN-2,KNN-3,KNN-4,KNN-5,KNN-6,KNN-7,KNN-8,KNN-9,KNN-10,KNN-20
mean,0.00211351275787292,-0.10627164745473335,0.001785105995676824,-0.08617851281057047,-0.04748260461489024,-0.05145217161641244,-0.023995149426473475,-0.036671300658098246,-0.021134876856119665,-0.024028464682189832,-0.012364334076267249,-0.017291493736430526,-0.012375891790335616,-0.0003481789170578476
std,0.0584499357314766,0.10582938063733342,0.06969128574095113,0.13832880315375626,0.08666346745849682,0.10984444023177375,0.07953567694172625,0.09114345003645645,0.07425172715450032,0.082129208542072,0.07432667172376586,0.07555961513034665,0.07555263959797874,0.06394441751875204
min,-0.28205128205128194,-0.4266666666666667,-0.3846153846153846,-0.4838709677419355,-0.31578947368421056,-0.37634408602150543,-0.29824561403508776,-0.3118279569892473,-0.3508771929824562,-0.24731182795698925,-0.31578947368421056,-0.2564102564102564,-0.41025641025641024,-0.28205128205128194
25%,-0.017857142857142794,-0.17778822055137838,-0.011363636363636354,-0.125,-0.09050324675324678,-0.09210526315789469,-0.05308845029239764,-0.08889411027568925,-0.05681818181818177,-0.0681818181818182,-0.045454545454545414,-0.06259164222873903,-0.045454545454545525,-0.022727272727272707
50%,0.0,-0.09677419354838712,0.0,-0.06490740740740739,-0.03909168081494063,-0.03935483870967746,-0.022727272727272707,-0.03409090909090906,-0.013157894736842035,-0.022727272727272707,-0.00694444444444442,-0.012260765550239194,-0.010005973715651095,0.0
75%,0.018051242236024917,-0.04629629629629628,0.018139317438055136,0.0,0.010652173913043517,0.011363636363636437,0.017778822055137866,0.02188416422287387,0.012903225806451535,0.02491258741258745,0.022727272727272707,0.02272727272727279,0.021509740259740256,0.010652173913043517
max,0.23076923076923084,0.23076923076923084,0.2051282051282053,0.23076923076923084,0.28205128205128205,0.23076923076923084,0.2051282051282053,0.23076923076923084,0.15909090909090917,0.2051282051282053,0.2051282051282053,0.2051282051282053,0.2051282051282053,0.17948717948717952
