,DATASET,comparison,μ₁,μ₂,d,t-test (paired),p (paired),t-test (Welch's),p (Welch's),Wilcoxon,p (Wilcoxon),Mann-Whitney U,p (Mann-Whitney),AUC
β,LEARNING,rest_v_task,0.9409729533094972,0.943580661030344,-0.014746929760397166,-0.04846369409438612,0.9617650872043546,,,10.0,0.916511907863894,265.5,0.48467670176310895,0.4609375
β,OSTEO,allpain_v_duloxetine,0.006221779760226334,1.0000057490613316e-05,0.23699526072159272,,,1.5394074696322428,0.12943884948927092,,,560.5,0.31508301571032526,0.5267857142857143
β,PSYCH_VIGILANCE,high_v_low,0.21983233471632327,0.030725003711999387,0.660428802682438,,,1.676537897308904,0.11799684177941491,,,83.0,0.07267296782939059,0.6916666666666667
β,PSYCH_TASK_ATTENTION,high_v_low,0.11063852141344352,0.16743747503790088,-0.18840471798129838,,,-0.42047393012272316,0.6799826135639955,,,55.5,0.839938900248627,0.47435897435897434
β,PSYCH_WEEKLY_ATTENTION,high_v_low,0.14545340123853026,0.11997972388535105,0.08418260683560085,,,0.19513806087256316,0.8473956743747053,,,72.5,0.33843157756503306,0.6041666666666666
β,SINGLE_SUBJECT,rest_v_task,0.3187812381185665,0.16423324314711876,,,,,,,,2.0,1.0,0.6666666666666666
β,PARKINSONS,control_v_control_pre,0.46633493151865774,0.7905011848764606,-0.8167476585291831,,,-6.247895177477414,2.3998688834921443e-09,,,3997.0,1.8985604254962474e-11,0.2664666666666667
