,LR,LDA,SVM,KNN-1,KNN-2,KNN-3,KNN-4,KNN-5,KNN-6,KNN-7,KNN-8,KNN-9,KNN-10,KNN-20
mean,0.0615384615384616,0.010256410256410308,0.06410256410256415,0.07179487179487185,0.08461538461538468,0.08461538461538468,0.08205128205128209,0.05641025641025649,0.08461538461538468,0.05641025641025645,0.08717948717948724,0.09230769230769235,0.08974358974358981,0.09487179487179492
std,0.08816271424429145,0.16270774747748093,0.13088369941122693,0.11261312199658531,0.07257411868497021,0.11846166179493094,0.08615113277507114,0.14033761197794045,0.07553350801807074,0.1119625497012842,0.09982086373098416,0.11025309741262974,0.11290465652669154,0.1465755898357076
min,-0.15384615384615374,-0.2564102564102564,-0.28205128205128194,-0.051282051282051155,0.0,-0.17948717948717946,-0.10256410256410253,-0.23076923076923073,-0.051282051282051155,-0.23076923076923073,-0.15384615384615374,-0.12820512820512814,-0.17948717948717946,-0.30769230769230765
25%,0.05128205128205132,-0.11538461538461531,0.05769230769230774,0.0,0.05128205128205132,0.02564102564102566,0.05128205128205132,-0.01923076923076912,0.07692307692307698,0.05128205128205132,0.07692307692307698,0.02564102564102566,0.05769230769230774,0.10256410256410264
50%,0.07692307692307698,0.01282051282051283,0.08974358974358981,0.05128205128205132,0.06410256410256415,0.1282051282051283,0.10256410256410264,0.07692307692307698,0.07692307692307698,0.07692307692307698,0.10256410256410264,0.11538461538461547,0.10256410256410264,0.14102564102564108
75%,0.12179487179487189,0.10897435897435906,0.14102564102564105,0.11538461538461547,0.11538461538461547,0.15384615384615385,0.14743589743589747,0.14102564102564105,0.14743589743589747,0.12179487179487189,0.14102564102564105,0.17948717948717952,0.1666666666666667,0.15384615384615385
max,0.15384615384615385,0.23076923076923084,0.17948717948717952,0.28205128205128205,0.2564102564102565,0.2051282051282053,0.17948717948717952,0.23076923076923084,0.17948717948717952,0.15384615384615385,0.2051282051282053,0.23076923076923084,0.2051282051282053,0.2051282051282053
