,LR,LDA,SVM,KNN-1,KNN-2,KNN-3,KNN-4,KNN-5,KNN-6,KNN-7,KNN-8,KNN-9,KNN-10,KNN-20
mean,0.6410256410256412,0.43589743589743596,0.7179487179487181,0.5128205128205128,0.46153846153846156,0.5128205128205128,0.5384615384615384,0.7435897435897436,0.6923076923076923,0.6410256410256412,0.6923076923076923,0.6153846153846153,0.5384615384615384,0.5641025641025641
std,1.1702778228589004e-16,5.851389114294502e-17,0.0,0.0,5.851389114294502e-17,0.0,0.0,0.0,0.0,1.1702778228589004e-16,0.0,1.1702778228589004e-16,0.0,0.0
min,0.6410256410256411,0.4358974358974359,0.7179487179487181,0.5128205128205128,0.4615384615384616,0.5128205128205128,0.5384615384615384,0.7435897435897436,0.6923076923076923,0.6410256410256411,0.6923076923076923,0.6153846153846154,0.5384615384615384,0.5641025641025641
25%,0.6410256410256411,0.4358974358974359,0.7179487179487181,0.5128205128205128,0.4615384615384616,0.5128205128205128,0.5384615384615384,0.7435897435897436,0.6923076923076923,0.6410256410256411,0.6923076923076923,0.6153846153846154,0.5384615384615384,0.5641025641025641
50%,0.6410256410256411,0.4358974358974359,0.7179487179487181,0.5128205128205128,0.4615384615384616,0.5128205128205128,0.5384615384615384,0.7435897435897436,0.6923076923076923,0.6410256410256411,0.6923076923076923,0.6153846153846154,0.5384615384615384,0.5641025641025641
75%,0.6410256410256411,0.4358974358974359,0.7179487179487181,0.5128205128205128,0.4615384615384616,0.5128205128205128,0.5384615384615384,0.7435897435897436,0.6923076923076923,0.6410256410256411,0.6923076923076923,0.6153846153846154,0.5384615384615384,0.5641025641025641
max,0.6410256410256411,0.4358974358974359,0.7179487179487181,0.5128205128205128,0.4615384615384616,0.5128205128205128,0.5384615384615384,0.7435897435897436,0.6923076923076923,0.6410256410256411,0.6923076923076923,0.6153846153846154,0.5384615384615384,0.5641025641025641
