,LR,LDA,SVM,KNN-1,KNN-2,KNN-3,KNN-4,KNN-5,KNN-6,KNN-7,KNN-8,KNN-9,KNN-10,KNN-20
mean,-0.23076923076923075,-0.3076923076923076,-0.4871794871794871,-0.051282051282051155,-0.051282051282051155,-0.10256410256410253,-0.07692307692307687,-0.12820512820512814,-0.10256410256410253,0.02564102564102566,0.02564102564102566,-0.15384615384615374,-0.17948717948717946,-0.3076923076923076
std,2.925694557147251e-17,5.851389114294502e-17,0.0,0.0,0.0,0.0,0.0,0.0,0.0,0.0,0.0,0.0,0.0,5.851389114294502e-17
min,-0.23076923076923073,-0.30769230769230765,-0.4871794871794871,-0.051282051282051155,-0.051282051282051155,-0.10256410256410253,-0.07692307692307687,-0.12820512820512814,-0.10256410256410253,0.02564102564102566,0.02564102564102566,-0.15384615384615374,-0.17948717948717946,-0.30769230769230765
25%,-0.23076923076923073,-0.30769230769230765,-0.4871794871794871,-0.051282051282051155,-0.051282051282051155,-0.10256410256410253,-0.07692307692307687,-0.12820512820512814,-0.10256410256410253,0.02564102564102566,0.02564102564102566,-0.15384615384615374,-0.17948717948717946,-0.30769230769230765
50%,-0.23076923076923073,-0.30769230769230765,-0.4871794871794871,-0.051282051282051155,-0.051282051282051155,-0.10256410256410253,-0.07692307692307687,-0.12820512820512814,-0.10256410256410253,0.02564102564102566,0.02564102564102566,-0.15384615384615374,-0.17948717948717946,-0.30769230769230765
75%,-0.23076923076923073,-0.30769230769230765,-0.4871794871794871,-0.051282051282051155,-0.051282051282051155,-0.10256410256410253,-0.07692307692307687,-0.12820512820512814,-0.10256410256410253,0.02564102564102566,0.02564102564102566,-0.15384615384615374,-0.17948717948717946,-0.30769230769230765
max,-0.23076923076923073,-0.30769230769230765,-0.4871794871794871,-0.051282051282051155,-0.051282051282051155,-0.10256410256410253,-0.07692307692307687,-0.12820512820512814,-0.10256410256410253,0.02564102564102566,0.02564102564102566,-0.15384615384615374,-0.17948717948717946,-0.30769230769230765
