,LR,LDA,SVM,KNN-1,KNN-2,KNN-3,KNN-4,KNN-5,KNN-6,KNN-7,KNN-8,KNN-9,KNN-10,KNN-20
mean,0.5384615384615384,0.5384615384615384,0.6923076923076923,0.6410256410256412,0.6410256410256412,0.5897435897435896,0.5897435897435896,0.7179487179487181,0.7179487179487181,0.7179487179487181,0.7179487179487181,0.7179487179487181,0.7179487179487181,0.5897435897435896
std,0.0,0.0,0.0,1.1702778228589004e-16,1.1702778228589004e-16,1.1702778228589004e-16,1.1702778228589004e-16,0.0,0.0,0.0,0.0,0.0,0.0,1.1702778228589004e-16
min,0.5384615384615384,0.5384615384615384,0.6923076923076923,0.6410256410256411,0.6410256410256411,0.5897435897435898,0.5897435897435898,0.7179487179487181,0.7179487179487181,0.7179487179487181,0.7179487179487181,0.7179487179487181,0.7179487179487181,0.5897435897435898
25%,0.5384615384615384,0.5384615384615384,0.6923076923076923,0.6410256410256411,0.6410256410256411,0.5897435897435898,0.5897435897435898,0.7179487179487181,0.7179487179487181,0.7179487179487181,0.7179487179487181,0.7179487179487181,0.7179487179487181,0.5897435897435898
50%,0.5384615384615384,0.5384615384615384,0.6923076923076923,0.6410256410256411,0.6410256410256411,0.5897435897435898,0.5897435897435898,0.7179487179487181,0.7179487179487181,0.7179487179487181,0.7179487179487181,0.7179487179487181,0.7179487179487181,0.5897435897435898
75%,0.5384615384615384,0.5384615384615384,0.6923076923076923,0.6410256410256411,0.6410256410256411,0.5897435897435898,0.5897435897435898,0.7179487179487181,0.7179487179487181,0.7179487179487181,0.7179487179487181,0.7179487179487181,0.7179487179487181,0.5897435897435898
max,0.5384615384615384,0.5384615384615384,0.6923076923076923,0.6410256410256411,0.6410256410256411,0.5897435897435898,0.5897435897435898,0.7179487179487181,0.7179487179487181,0.7179487179487181,0.7179487179487181,0.7179487179487181,0.7179487179487181,0.5897435897435898
