,LR,LDA,SVM,KNN-1,KNN-2,KNN-3,KNN-4,KNN-5,KNN-6,KNN-7,KNN-8,KNN-9,KNN-10,KNN-20
mean,0.010256410256410331,-0.015384615384615313,0.07435897435897443,0.07179487179487185,0.033333333333333375,0.04102564102564108,0.05897435897435904,0.025641025641025723,0.041025641025641095,0.0743589743589744,0.03846153846153854,0.04102564102564108,0.03333333333333337,0.06923076923076929
std,0.212200036016174,0.06858941076150042,0.1276054350424692,0.0723220369275425,0.08720462181664758,0.11669092762992142,0.10259970891912906,0.11403131678740455,0.1191687183448436,0.09552022954494706,0.12806259883565552,0.14209642694441302,0.13298771774246093,0.1475689972727881
min,-0.5128205128205128,-0.12820512820512814,-0.23076923076923073,-0.07692307692307687,-0.10256410256410253,-0.15384615384615374,-0.10256410256410253,-0.20512820512820507,-0.12820512820512814,-0.07692307692307687,-0.15384615384615374,-0.12820512820512814,-0.20512820512820507,-0.23076923076923073
25%,-0.06410256410256404,-0.051282051282051155,0.03846153846153849,0.05769230769230774,0.006410256410256415,-0.03205128205128195,-0.025641025641025536,-0.051282051282051155,-0.044871794871794754,0.02564102564102566,-0.02564102564102555,-0.10256410256410253,-0.057692307692307654,8.326672684688674e-17
50%,0.06410256410256415,-0.02564102564102555,0.11538461538461547,0.07692307692307698,0.02564102564102566,0.06410256410256415,0.07692307692307698,0.06410256410256415,0.01282051282051283,0.08974358974358981,0.025641025641025716,0.08974358974358981,0.02564102564102566,0.11538461538461547
75%,0.15384615384615388,0.03846153846153849,0.14743589743589747,0.09615384615384623,0.05128205128205132,0.14743589743589747,0.11538461538461547,0.09615384615384623,0.12820512820512822,0.14102564102564105,0.14743589743589747,0.14743589743589747,0.13461538461538464,0.1666666666666667
max,0.2051282051282053,0.10256410256410264,0.2051282051282053,0.17948717948717952,0.23076923076923084,0.15384615384615385,0.23076923076923084,0.17948717948717952,0.23076923076923084,0.23076923076923084,0.2051282051282053,0.23076923076923084,0.23076923076923084,0.2564102564102565
