,LR,LDA,SVM,KNN-1,KNN-2,KNN-3,KNN-4,KNN-5,KNN-6,KNN-7,KNN-8,KNN-9,KNN-10,KNN-20
mean,0.28205128205128205,0.20512820512820512,0.02564102564102564,0.46153846153846156,0.46153846153846156,0.41025641025641024,0.43589743589743596,0.38461538461538464,0.41025641025641024,0.5384615384615384,0.5384615384615384,0.35897435897435903,0.33333333333333337,0.20512820512820512
std,0.0,0.0,0.0,5.851389114294502e-17,5.851389114294502e-17,0.0,5.851389114294502e-17,0.0,0.0,0.0,0.0,0.0,5.851389114294502e-17,0.0
min,0.28205128205128205,0.20512820512820512,0.02564102564102564,0.4615384615384616,0.4615384615384616,0.41025641025641024,0.4358974358974359,0.38461538461538464,0.41025641025641024,0.5384615384615384,0.5384615384615384,0.35897435897435903,0.3333333333333333,0.20512820512820512
25%,0.28205128205128205,0.20512820512820512,0.02564102564102564,0.4615384615384616,0.4615384615384616,0.41025641025641024,0.4358974358974359,0.38461538461538464,0.41025641025641024,0.5384615384615384,0.5384615384615384,0.35897435897435903,0.3333333333333333,0.20512820512820512
50%,0.28205128205128205,0.20512820512820512,0.02564102564102564,0.4615384615384616,0.4615384615384616,0.41025641025641024,0.4358974358974359,0.38461538461538464,0.41025641025641024,0.5384615384615384,0.5384615384615384,0.35897435897435903,0.3333333333333333,0.20512820512820512
75%,0.28205128205128205,0.20512820512820512,0.02564102564102564,0.4615384615384616,0.4615384615384616,0.41025641025641024,0.4358974358974359,0.38461538461538464,0.41025641025641024,0.5384615384615384,0.5384615384615384,0.35897435897435903,0.3333333333333333,0.20512820512820512
max,0.28205128205128205,0.20512820512820512,0.02564102564102564,0.4615384615384616,0.4615384615384616,0.41025641025641024,0.4358974358974359,0.38461538461538464,0.41025641025641024,0.5384615384615384,0.5384615384615384,0.35897435897435903,0.3333333333333333,0.20512820512820512
