,LR,LDA,SVM,KNN-1,KNN-2,KNN-3,KNN-4,KNN-5,KNN-6,KNN-7,KNN-8,KNN-9,KNN-10,KNN-20
mean,0.5923076923076923,0.5538461538461539,0.5897435897435898,0.5538461538461539,0.5641025641025641,0.6205128205128204,0.6076923076923076,0.5769230769230769,0.5692307692307692,0.5692307692307692,0.5846153846153845,0.5692307692307692,0.5641025641025641,0.6
std,0.1472716786417978,0.12099376662691547,0.16792207439648293,0.10199271036017983,0.11530544925839352,0.08090365515349907,0.05803160751031782,0.09613010153164098,0.05896816516465073,0.10592774963986099,0.12432886527157733,0.1283759545676485,0.17264111005747143,0.13307008858822947
min,0.2307692307692308,0.35897435897435903,0.1282051282051282,0.4358974358974359,0.41025641025641024,0.5128205128205128,0.5384615384615384,0.41025641025641024,0.4871794871794872,0.3333333333333333,0.28205128205128205,0.2564102564102564,0.10256410256410256,0.2307692307692308
25%,0.5961538461538461,0.467948717948718,0.5961538461538461,0.5128205128205128,0.5,0.5641025641025641,0.5705128205128205,0.5192307692307692,0.5384615384615384,0.5384615384615384,0.5512820512820513,0.532051282051282,0.5641025641025641,0.6153846153846154
50%,0.6282051282051282,0.5897435897435898,0.6410256410256411,0.5128205128205128,0.5384615384615384,0.6153846153846154,0.5897435897435898,0.5512820512820513,0.5769230769230769,0.5897435897435898,0.6025641025641026,0.6025641025641026,0.5897435897435898,0.6410256410256411
75%,0.6666666666666666,0.6153846153846154,0.6666666666666666,0.5769230769230769,0.5833333333333333,0.6923076923076924,0.6282051282051283,0.6410256410256411,0.5897435897435898,0.6153846153846154,0.6602564102564102,0.6410256410256411,0.6538461538461539,0.6602564102564102
max,0.7435897435897436,0.7435897435897436,0.7179487179487181,0.7435897435897436,0.7948717948717948,0.7435897435897436,0.7179487179487181,0.7435897435897436,0.6666666666666666,0.7179487179487181,0.7179487179487181,0.7179487179487181,0.7179487179487181,0.6923076923076923
