,LR,LDA,SVM,KNN-1,KNN-2,KNN-3,KNN-4,KNN-5,KNN-6,KNN-7,KNN-8,KNN-9,KNN-10,KNN-20
mean,0.30769230769230765,0.5384615384615384,0.6923076923076923,0.6410256410256412,0.6410256410256412,0.5897435897435896,0.5897435897435896,0.7179487179487181,0.7179487179487181,0.7179487179487181,0.7179487179487181,0.7179487179487181,0.7179487179487181,0.7179487179487181
std,5.851389114294502e-17,0.0,0.0,1.1702778228589004e-16,1.1702778228589004e-16,1.1702778228589004e-16,1.1702778228589004e-16,0.0,0.0,0.0,0.0,0.0,0.0,0.0
min,0.3076923076923077,0.5384615384615384,0.6923076923076923,0.6410256410256411,0.6410256410256411,0.5897435897435898,0.5897435897435898,0.7179487179487181,0.7179487179487181,0.7179487179487181,0.7179487179487181,0.7179487179487181,0.7179487179487181,0.7179487179487181
25%,0.3076923076923077,0.5384615384615384,0.6923076923076923,0.6410256410256411,0.6410256410256411,0.5897435897435898,0.5897435897435898,0.7179487179487181,0.7179487179487181,0.7179487179487181,0.7179487179487181,0.7179487179487181,0.7179487179487181,0.7179487179487181
50%,0.3076923076923077,0.5384615384615384,0.6923076923076923,0.6410256410256411,0.6410256410256411,0.5897435897435898,0.5897435897435898,0.7179487179487181,0.7179487179487181,0.7179487179487181,0.7179487179487181,0.7179487179487181,0.7179487179487181,0.7179487179487181
75%,0.3076923076923077,0.5384615384615384,0.6923076923076923,0.6410256410256411,0.6410256410256411,0.5897435897435898,0.5897435897435898,0.7179487179487181,0.7179487179487181,0.7179487179487181,0.7179487179487181,0.7179487179487181,0.7179487179487181,0.7179487179487181
max,0.3076923076923077,0.5384615384615384,0.6923076923076923,0.6410256410256411,0.6410256410256411,0.5897435897435898,0.5897435897435898,0.7179487179487181,0.7179487179487181,0.7179487179487181,0.7179487179487181,0.7179487179487181,0.7179487179487181,0.7179487179487181
