,LR,LDA,SVM,KNN-1,KNN-2,KNN-3,KNN-4,KNN-5,KNN-6,KNN-7,KNN-8,KNN-9,KNN-10,KNN-20
mean,0.5999999999999999,0.495,0.585,0.585,0.5649999999999998,0.59,0.5600000000000002,0.5700000000000001,0.535,0.5600000000000002,0.55,0.55,0.575,0.545
std,1.1702778228589004e-16,0.0,0.0,0.0,1.1702778228589004e-16,0.0,1.1702778228589004e-16,1.1702778228589004e-16,0.0,1.1702778228589004e-16,0.0,0.0,0.0,0.0
min,0.6,0.495,0.585,0.585,0.565,0.59,0.56,0.57,0.535,0.56,0.55,0.55,0.575,0.545
25%,0.6,0.495,0.585,0.585,0.565,0.59,0.56,0.57,0.535,0.56,0.55,0.55,0.575,0.545
50%,0.6,0.495,0.585,0.585,0.565,0.59,0.56,0.57,0.535,0.56,0.55,0.55,0.575,0.545
75%,0.6,0.495,0.585,0.585,0.565,0.59,0.56,0.57,0.535,0.56,0.55,0.55,0.575,0.545
max,0.6,0.495,0.585,0.585,0.565,0.59,0.56,0.57,0.535,0.56,0.55,0.55,0.575,0.545
