,LR,LDA,SVM,KNN-1,KNN-2,KNN-3,KNN-4,KNN-5,KNN-6,KNN-7,KNN-8,KNN-9,KNN-10,KNN-20
mean,0.355,0.355,0.5149999999999999,0.42000000000000004,0.5,0.36,0.5149999999999999,0.5250000000000001,0.5250000000000001,0.51,0.51,0.545,0.4699999999999999,0.5649999999999998
std,0.0,0.0,1.1702778228589004e-16,5.851389114294502e-17,0.0,0.0,1.1702778228589004e-16,1.1702778228589004e-16,1.1702778228589004e-16,0.0,0.0,0.0,5.851389114294502e-17,1.1702778228589004e-16
min,0.355,0.355,0.515,0.42,0.5,0.36,0.515,0.525,0.525,0.51,0.51,0.545,0.47,0.565
25%,0.355,0.355,0.515,0.42,0.5,0.36,0.515,0.525,0.525,0.51,0.51,0.545,0.47,0.565
50%,0.355,0.355,0.515,0.42,0.5,0.36,0.515,0.525,0.525,0.51,0.51,0.545,0.47,0.565
75%,0.355,0.355,0.515,0.42,0.5,0.36,0.515,0.525,0.525,0.51,0.51,0.545,0.47,0.565
max,0.355,0.355,0.515,0.42,0.5,0.36,0.515,0.525,0.525,0.51,0.51,0.545,0.47,0.565
