,LR,LDA,SVM,KNN-1,KNN-2,KNN-3,KNN-4,KNN-5,KNN-6,KNN-7,KNN-8,KNN-9,KNN-10,KNN-20
mean,0.59,0.615,0.63,0.6399999999999999,0.635,0.63,0.63,0.615,0.6050000000000001,0.635,0.655,0.62,0.625,0.58
std,0.0,0.0,0.0,1.1702778228589004e-16,0.0,0.0,0.0,0.0,1.1702778228589004e-16,0.0,0.0,0.0,0.0,0.0
min,0.59,0.615,0.63,0.64,0.635,0.63,0.63,0.615,0.605,0.635,0.655,0.62,0.625,0.58
25%,0.59,0.615,0.63,0.64,0.635,0.63,0.63,0.615,0.605,0.635,0.655,0.62,0.625,0.58
50%,0.59,0.615,0.63,0.64,0.635,0.63,0.63,0.615,0.605,0.635,0.655,0.62,0.625,0.58
75%,0.59,0.615,0.63,0.64,0.635,0.63,0.63,0.615,0.605,0.635,0.655,0.62,0.625,0.58
max,0.59,0.615,0.63,0.64,0.635,0.63,0.63,0.615,0.605,0.635,0.655,0.62,0.625,0.58
