,LR,LDA,SVM,KNN-1,KNN-2,KNN-3,KNN-4,KNN-5,KNN-6,KNN-7,KNN-8,KNN-9,KNN-10,KNN-20
mean,0.44750000000000006,0.48199999999999993,0.4835,0.523,0.518,0.5335000000000001,0.5145,0.5125,0.5015000000000001,0.508,0.5025000000000001,0.488,0.48650000000000004,0.516
std,0.1395279740967938,0.052820450584977044,0.06835568740053749,0.03449637662132069,0.02710063549890382,0.03916134715648978,0.042976091544537236,0.03417682775734981,0.04176987218345565,0.05100108931298538,0.052188227706170584,0.06187801620033474,0.047670745746212106,0.04759785242587691
min,0.115,0.395,0.38,0.475,0.47,0.495,0.465,0.475,0.44,0.45,0.45,0.4,0.415,0.42
25%,0.46125000000000005,0.4425,0.43875000000000003,0.49124999999999996,0.50125,0.50125,0.48124999999999996,0.4825,0.4774999999999999,0.47624999999999995,0.4675,0.44875,0.47124999999999995,0.49749999999999994
50%,0.485,0.485,0.4875,0.53,0.515,0.525,0.505,0.5025,0.4975,0.4975,0.495,0.49,0.4825,0.52
75%,0.53125,0.52875,0.54,0.5487500000000001,0.5325,0.55875,0.5425000000000001,0.5387500000000001,0.5137499999999999,0.51875,0.51875,0.5,0.49249999999999994,0.5525
max,0.58,0.55,0.575,0.57,0.56,0.615,0.6,0.57,0.595,0.625,0.63,0.625,0.605,0.575
