,LR,LDA,SVM,KNN-1,KNN-2,KNN-3,KNN-4,KNN-5,KNN-6,KNN-7,KNN-8,KNN-9,KNN-10,KNN-20
mean,0.54,0.5,0.545,0.5199999999999999,0.5600000000000002,0.5999999999999999,0.58,0.585,0.59,0.5700000000000001,0.5549999999999999,0.575,0.5600000000000002,0.53
std,0.0,0.0,0.0,1.1702778228589004e-16,1.1702778228589004e-16,1.1702778228589004e-16,0.0,0.0,0.0,1.1702778228589004e-16,1.1702778228589004e-16,0.0,1.1702778228589004e-16,0.0
min,0.54,0.5,0.545,0.52,0.56,0.6,0.58,0.585,0.59,0.57,0.555,0.575,0.56,0.53
25%,0.54,0.5,0.545,0.52,0.56,0.6,0.58,0.585,0.59,0.57,0.555,0.575,0.56,0.53
50%,0.54,0.5,0.545,0.52,0.56,0.6,0.58,0.585,0.59,0.57,0.555,0.575,0.56,0.53
75%,0.54,0.5,0.545,0.52,0.56,0.6,0.58,0.585,0.59,0.57,0.555,0.575,0.56,0.53
max,0.54,0.5,0.545,0.52,0.56,0.6,0.58,0.585,0.59,0.57,0.555,0.575,0.56,0.53
