,LR,LDA,SVM,KNN-1,KNN-2,KNN-3,KNN-4,KNN-5,KNN-6,KNN-7,KNN-8,KNN-9,KNN-10,KNN-20
mean,0.487,0.48199999999999993,0.507,0.5000000000000001,0.5125,0.5055,0.51,0.5155000000000001,0.503,0.49849999999999994,0.4995,0.5015,0.512,0.508
std,0.07126632366615307,0.052820450584977044,0.05921711464320653,0.04533823502911814,0.057118298293979304,0.057273709306956695,0.045582647770591136,0.04639504283864819,0.05613475849338902,0.043079384087209655,0.05128623380379747,0.044786530713299647,0.054528280124476074,0.030659419433511793
min,0.33,0.395,0.385,0.44,0.42,0.375,0.445,0.42,0.425,0.405,0.42,0.45,0.425,0.465
25%,0.45375000000000004,0.4425,0.47000000000000003,0.47124999999999995,0.49,0.48124999999999996,0.4725,0.49874999999999997,0.4675,0.47624999999999995,0.47375,0.46375,0.49124999999999996,0.49624999999999997
50%,0.4925,0.485,0.525,0.505,0.5075000000000001,0.515,0.5175000000000001,0.525,0.495,0.5075000000000001,0.4975,0.5,0.52,0.505
75%,0.54125,0.52875,0.535,0.5225000000000001,0.5549999999999999,0.5387500000000001,0.54125,0.5375000000000001,0.525,0.51875,0.52125,0.52,0.5575,0.52875
max,0.58,0.55,0.585,0.585,0.61,0.585,0.57,0.59,0.61,0.565,0.59,0.6,0.575,0.56
