,LR,LDA,SVM,KNN-1,KNN-2,KNN-3,KNN-4,KNN-5,KNN-6,KNN-7,KNN-8,KNN-9,KNN-10,KNN-20
mean,0.5113636363636365,0.5113636363636365,0.5568181818181818,0.5681818181818182,0.5454545454545453,0.6136363636363635,0.5340909090909091,0.5227272727272727,0.5681818181818182,0.5681818181818182,0.5340909090909091,0.4545454545454544,0.40909090909090906,0.48863636363636365
std,1.1702778228589004e-16,1.1702778228589004e-16,0.0,0.0,1.1702778228589004e-16,1.1702778228589004e-16,0.0,0.0,0.0,0.0,0.0,5.851389114294502e-17,5.851389114294502e-17,5.851389114294502e-17
min,0.5113636363636364,0.5113636363636364,0.5568181818181818,0.5681818181818182,0.5454545454545454,0.6136363636363636,0.5340909090909091,0.5227272727272727,0.5681818181818182,0.5681818181818182,0.5340909090909091,0.4545454545454545,0.4090909090909091,0.4886363636363637
25%,0.5113636363636364,0.5113636363636364,0.5568181818181818,0.5681818181818182,0.5454545454545454,0.6136363636363636,0.5340909090909091,0.5227272727272727,0.5681818181818182,0.5681818181818182,0.5340909090909091,0.4545454545454545,0.4090909090909091,0.4886363636363637
50%,0.5113636363636364,0.5113636363636364,0.5568181818181818,0.5681818181818182,0.5454545454545454,0.6136363636363636,0.5340909090909091,0.5227272727272727,0.5681818181818182,0.5681818181818182,0.5340909090909091,0.4545454545454545,0.4090909090909091,0.4886363636363637
75%,0.5113636363636364,0.5113636363636364,0.5568181818181818,0.5681818181818182,0.5454545454545454,0.6136363636363636,0.5340909090909091,0.5227272727272727,0.5681818181818182,0.5681818181818182,0.5340909090909091,0.4545454545454545,0.4090909090909091,0.4886363636363637
max,0.5113636363636364,0.5113636363636364,0.5568181818181818,0.5681818181818182,0.5454545454545454,0.6136363636363636,0.5340909090909091,0.5227272727272727,0.5681818181818182,0.5681818181818182,0.5340909090909091,0.4545454545454545,0.4090909090909091,0.4886363636363637
