,LR,LDA,SVM,KNN-1,KNN-2,KNN-3,KNN-4,KNN-5,KNN-6,KNN-7,KNN-8,KNN-9,KNN-10,KNN-20
mean,0.5454545454545453,0.6818181818181818,0.6590909090909091,0.48863636363636365,0.5454545454545453,0.5568181818181818,0.5681818181818182,0.5,0.5568181818181818,0.5795454545454547,0.5909090909090909,0.5795454545454547,0.5681818181818182,0.625
std,1.1702778228589004e-16,0.0,0.0,5.851389114294502e-17,1.1702778228589004e-16,0.0,0.0,0.0,0.0,1.1702778228589004e-16,0.0,1.1702778228589004e-16,0.0,0.0
min,0.5454545454545454,0.6818181818181818,0.6590909090909091,0.4886363636363637,0.5454545454545454,0.5568181818181818,0.5681818181818182,0.5,0.5568181818181818,0.5795454545454546,0.5909090909090909,0.5795454545454546,0.5681818181818182,0.625
25%,0.5454545454545454,0.6818181818181818,0.6590909090909091,0.4886363636363637,0.5454545454545454,0.5568181818181818,0.5681818181818182,0.5,0.5568181818181818,0.5795454545454546,0.5909090909090909,0.5795454545454546,0.5681818181818182,0.625
50%,0.5454545454545454,0.6818181818181818,0.6590909090909091,0.4886363636363637,0.5454545454545454,0.5568181818181818,0.5681818181818182,0.5,0.5568181818181818,0.5795454545454546,0.5909090909090909,0.5795454545454546,0.5681818181818182,0.625
75%,0.5454545454545454,0.6818181818181818,0.6590909090909091,0.4886363636363637,0.5454545454545454,0.5568181818181818,0.5681818181818182,0.5,0.5568181818181818,0.5795454545454546,0.5909090909090909,0.5795454545454546,0.5681818181818182,0.625
max,0.5454545454545454,0.6818181818181818,0.6590909090909091,0.4886363636363637,0.5454545454545454,0.5568181818181818,0.5681818181818182,0.5,0.5568181818181818,0.5795454545454546,0.5909090909090909,0.5795454545454546,0.5681818181818182,0.625
