,Logistic Regression,LDA,SVM,KNN-1,KNN-2,KNN-3,KNN-4,KNN-5,KNN-6,KNN-7,KNN-8,KNN-9,KNN-10,KNN-20
count,0.0,0.0,0.0,0.0,0.0,0.0,0.0,0.0,0.0,0.0,0.0,0.0,0.0,0.0
mean,-0.03409090909090884,-0.03409090909090884,0.011363636363636465,0.02272727272727293,0.0,0.06818181818181823,-0.011363636363636243,-0.022727272727272596,0.02272727272727293,0.02272727272727293,-0.011363636363636243,-0.09090909090909088,-0.13636363636363624,-0.05681818181818166
std,0.0,0.0,-1.1702778228589004e-16,-1.1702778228589004e-16,0.0,0.0,-1.1702778228589004e-16,-1.1702778228589004e-16,-1.1702778228589004e-16,-1.1702778228589004e-16,-1.1702778228589004e-16,-5.851389114294502e-17,-5.851389114294502e-17,-5.851389114294502e-17
min,-0.03409090909090906,-0.03409090909090906,0.011363636363636354,0.022727272727272818,0.0,0.06818181818181823,-0.011363636363636354,-0.022727272727272707,0.022727272727272818,0.022727272727272818,-0.011363636363636354,-0.09090909090909094,-0.1363636363636363,-0.05681818181818171
25%,-0.03409090909090906,-0.03409090909090906,0.011363636363636354,0.022727272727272818,0.0,0.06818181818181823,-0.011363636363636354,-0.022727272727272707,0.022727272727272818,0.022727272727272818,-0.011363636363636354,-0.09090909090909094,-0.1363636363636363,-0.05681818181818171
50%,-0.03409090909090906,-0.03409090909090906,0.011363636363636354,0.022727272727272818,0.0,0.06818181818181823,-0.011363636363636354,-0.022727272727272707,0.022727272727272818,0.022727272727272818,-0.011363636363636354,-0.09090909090909094,-0.1363636363636363,-0.05681818181818171
75%,-0.03409090909090906,-0.03409090909090906,0.011363636363636354,0.022727272727272818,0.0,0.06818181818181823,-0.011363636363636354,-0.022727272727272707,0.022727272727272818,0.022727272727272818,-0.011363636363636354,-0.09090909090909094,-0.1363636363636363,-0.05681818181818171
max,-0.03409090909090906,-0.03409090909090906,0.011363636363636354,0.022727272727272818,0.0,0.06818181818181823,-0.011363636363636354,-0.022727272727272707,0.022727272727272818,0.022727272727272818,-0.011363636363636354,-0.09090909090909094,-0.1363636363636363,-0.05681818181818171
