,Logistic Regression,LDA,SVM,KNN-1,KNN-2,KNN-3,KNN-4,KNN-5,KNN-6,KNN-7,KNN-8,KNN-9,KNN-10,KNN-20
count,0.0,0.0,0.0,0.0,0.0,0.0,0.0,0.0,0.0,0.0,0.0,0.0,0.0,0.0
mean,0.0,0.0,0.045454545454545636,-0.0454545454545453,0.011363636363636465,0.0,0.09090909090909116,0.06818181818181823,0.09090909090909116,0.034090909090909394,0.05681818181818199,-0.011363636363636243,0.011363636363636465,-0.06818181818181795
std,0.0,0.0,-1.1702778228589004e-16,-1.1702778228589004e-16,-1.1702778228589004e-16,0.0,0.0,0.0,0.0,0.0,-1.1702778228589004e-16,-1.1702778228589004e-16,-1.1702778228589004e-16,-5.851389114294502e-17
min,0.0,0.0,0.045454545454545525,-0.045454545454545414,0.011363636363636354,0.0,0.09090909090909094,0.06818181818181823,0.09090909090909094,0.03409090909090917,0.05681818181818188,-0.011363636363636354,0.011363636363636354,-0.06818181818181812
25%,0.0,0.0,0.045454545454545525,-0.045454545454545414,0.011363636363636354,0.0,0.09090909090909094,0.06818181818181823,0.09090909090909094,0.03409090909090917,0.05681818181818188,-0.011363636363636354,0.011363636363636354,-0.06818181818181812
50%,0.0,0.0,0.045454545454545525,-0.045454545454545414,0.011363636363636354,0.0,0.09090909090909094,0.06818181818181823,0.09090909090909094,0.03409090909090917,0.05681818181818188,-0.011363636363636354,0.011363636363636354,-0.06818181818181812
75%,0.0,0.0,0.045454545454545525,-0.045454545454545414,0.011363636363636354,0.0,0.09090909090909094,0.06818181818181823,0.09090909090909094,0.03409090909090917,0.05681818181818188,-0.011363636363636354,0.011363636363636354,-0.06818181818181812
max,0.0,0.0,0.045454545454545525,-0.045454545454545414,0.011363636363636354,0.0,0.09090909090909094,0.06818181818181823,0.09090909090909094,0.03409090909090917,0.05681818181818188,-0.011363636363636354,0.011363636363636354,-0.06818181818181812
