,LR,LDA,SVM,KNN-1,KNN-2,KNN-3,KNN-4,KNN-5,KNN-6,KNN-7,KNN-8,KNN-9,KNN-10,KNN-20
mean,0.5352272727272727,0.49318181818181817,0.5545454545454546,0.5079545454545455,0.5340909090909091,0.5136363636363636,0.5193181818181818,0.5250000000000001,0.5397727272727273,0.5204545454545455,0.5204545454545454,0.5215909090909092,0.5386363636363637,0.5386363636363636
std,0.08271984926178022,0.09449979472431924,0.08102873913406629,0.08932489629579918,0.06428243465332249,0.07418829195360661,0.046407312563005364,0.05104509250885764,0.06183646862619132,0.07552996109463343,0.0695980853203385,0.07373240089776513,0.04886216817150638,0.0780339804958672
min,0.4204545454545455,0.2840909090909091,0.375,0.3409090909090909,0.4318181818181818,0.3522727272727273,0.4772727272727273,0.4545454545454545,0.4204545454545455,0.4318181818181818,0.4318181818181818,0.4204545454545455,0.4545454545454545,0.4090909090909091
25%,0.4886363636363637,0.4715909090909091,0.5340909090909091,0.4801136363636364,0.49147727272727276,0.4857954545454546,0.4886363636363637,0.49147727272727276,0.5113636363636364,0.4715909090909091,0.46306818181818177,0.4943181818181819,0.5227272727272727,0.4886363636363637
50%,0.5170454545454546,0.5056818181818181,0.5625,0.5113636363636364,0.5397727272727273,0.5170454545454546,0.5113636363636364,0.5227272727272727,0.5625,0.5056818181818181,0.5170454545454546,0.5113636363636364,0.5397727272727273,0.5340909090909091
75%,0.5880681818181819,0.5454545454545454,0.5909090909090909,0.5539772727272727,0.5738636363636364,0.5568181818181819,0.5227272727272727,0.5454545454545454,0.5795454545454546,0.5511363636363636,0.5596590909090909,0.5426136363636364,0.5681818181818182,0.5880681818181819
max,0.6818181818181818,0.6136363636363636,0.6818181818181818,0.6590909090909091,0.6477272727272727,0.625,0.6363636363636364,0.6022727272727273,0.625,0.6477272727272727,0.625,0.6363636363636364,0.625,0.6818181818181818
