,LR,LDA,SVM,KNN-1,KNN-2,KNN-3,KNN-4,KNN-5,KNN-6,KNN-7,KNN-8,KNN-9,KNN-10,KNN-20
mean,0.5454545454545453,0.5454545454545453,0.6477272727272727,0.46590909090909094,0.5227272727272727,0.5,0.5454545454545453,0.5113636363636365,0.5113636363636365,0.5795454545454547,0.5681818181818182,0.46590909090909094,0.4318181818181818,0.6022727272727273
std,1.1702778228589004e-16,1.1702778228589004e-16,0.0,5.851389114294502e-17,0.0,0.0,1.1702778228589004e-16,1.1702778228589004e-16,1.1702778228589004e-16,1.1702778228589004e-16,0.0,5.851389114294502e-17,0.0,0.0
min,0.5454545454545454,0.5454545454545454,0.6477272727272727,0.4659090909090909,0.5227272727272727,0.5,0.5454545454545454,0.5113636363636364,0.5113636363636364,0.5795454545454546,0.5681818181818182,0.4659090909090909,0.4318181818181818,0.6022727272727273
25%,0.5454545454545454,0.5454545454545454,0.6477272727272727,0.4659090909090909,0.5227272727272727,0.5,0.5454545454545454,0.5113636363636364,0.5113636363636364,0.5795454545454546,0.5681818181818182,0.4659090909090909,0.4318181818181818,0.6022727272727273
50%,0.5454545454545454,0.5454545454545454,0.6477272727272727,0.4659090909090909,0.5227272727272727,0.5,0.5454545454545454,0.5113636363636364,0.5113636363636364,0.5795454545454546,0.5681818181818182,0.4659090909090909,0.4318181818181818,0.6022727272727273
75%,0.5454545454545454,0.5454545454545454,0.6477272727272727,0.4659090909090909,0.5227272727272727,0.5,0.5454545454545454,0.5113636363636364,0.5113636363636364,0.5795454545454546,0.5681818181818182,0.4659090909090909,0.4318181818181818,0.6022727272727273
max,0.5454545454545454,0.5454545454545454,0.6477272727272727,0.4659090909090909,0.5227272727272727,0.5,0.5454545454545454,0.5113636363636364,0.5113636363636364,0.5795454545454546,0.5681818181818182,0.4659090909090909,0.4318181818181818,0.6022727272727273
