,LR,LDA,SVM,KNN-1,KNN-2,KNN-3,KNN-4,KNN-5,KNN-6,KNN-7,KNN-8,KNN-9,KNN-10,KNN-20
mean,0.5420454545454545,0.5011363636363637,0.5375,0.5295454545454545,0.5443181818181818,0.5375,0.5647727272727273,0.5465909090909091,0.5556818181818182,0.5556818181818183,0.5454545454545455,0.5556818181818182,0.5454545454545455,0.5568181818181819
std,0.07500573899071124,0.065047926810692,0.10051091932512239,0.07210911535933813,0.06325870984285525,0.061790044844402585,0.03635179731518207,0.05422094123417223,0.05526929232415463,0.053955670850210316,0.06292896865847027,0.04804786506189872,0.05356869554443543,0.07927443006233467
min,0.4318181818181818,0.4090909090909091,0.2954545454545455,0.4204545454545455,0.4318181818181818,0.4545454545454545,0.5113636363636364,0.4772727272727273,0.5113636363636364,0.4659090909090909,0.4431818181818182,0.4886363636363637,0.4659090909090909,0.4431818181818182
25%,0.5142045454545454,0.4772727272727273,0.5255681818181818,0.49147727272727276,0.5227272727272727,0.5,0.5369318181818181,0.5113636363636364,0.5255681818181818,0.5255681818181818,0.5085227272727273,0.5227272727272727,0.5028409090909091,0.5085227272727273
50%,0.5397727272727273,0.4886363636363637,0.5568181818181819,0.5227272727272727,0.5454545454545454,0.5284090909090908,0.5625,0.5340909090909091,0.5397727272727273,0.5625,0.5454545454545454,0.5625,0.5511363636363635,0.5681818181818181
75%,0.6051136363636364,0.5,0.5852272727272728,0.5738636363636364,0.5681818181818182,0.5994318181818182,0.5994318181818182,0.5994318181818181,0.5568181818181818,0.5767045454545455,0.5823863636363636,0.5795454545454546,0.5852272727272728,0.5994318181818182
max,0.6477272727272727,0.6590909090909091,0.6818181818181818,0.6363636363636364,0.6590909090909091,0.6136363636363636,0.6136363636363636,0.625,0.7045454545454546,0.6704545454545454,0.6590909090909091,0.6477272727272727,0.6363636363636364,0.6931818181818182
