,LR,LDA,SVM,KNN-1,KNN-2,KNN-3,KNN-4,KNN-5,KNN-6,KNN-7,KNN-8,KNN-9,KNN-10,KNN-20
mean,0.5,0.40909090909090906,0.6363636363636365,0.5909090909090909,0.5681818181818182,0.6363636363636365,0.5681818181818182,0.5227272727272727,0.5113636363636365,0.6136363636363635,0.6477272727272727,0.625,0.5795454545454547,0.6363636363636365
std,0.0,5.851389114294502e-17,1.1702778228589004e-16,0.0,0.0,1.1702778228589004e-16,0.0,0.0,1.1702778228589004e-16,1.1702778228589004e-16,0.0,0.0,1.1702778228589004e-16,1.1702778228589004e-16
min,0.5,0.4090909090909091,0.6363636363636364,0.5909090909090909,0.5681818181818182,0.6363636363636364,0.5681818181818182,0.5227272727272727,0.5113636363636364,0.6136363636363636,0.6477272727272727,0.625,0.5795454545454546,0.6363636363636364
25%,0.5,0.4090909090909091,0.6363636363636364,0.5909090909090909,0.5681818181818182,0.6363636363636364,0.5681818181818182,0.5227272727272727,0.5113636363636364,0.6136363636363636,0.6477272727272727,0.625,0.5795454545454546,0.6363636363636364
50%,0.5,0.4090909090909091,0.6363636363636364,0.5909090909090909,0.5681818181818182,0.6363636363636364,0.5681818181818182,0.5227272727272727,0.5113636363636364,0.6136363636363636,0.6477272727272727,0.625,0.5795454545454546,0.6363636363636364
75%,0.5,0.4090909090909091,0.6363636363636364,0.5909090909090909,0.5681818181818182,0.6363636363636364,0.5681818181818182,0.5227272727272727,0.5113636363636364,0.6136363636363636,0.6477272727272727,0.625,0.5795454545454546,0.6363636363636364
max,0.5,0.4090909090909091,0.6363636363636364,0.5909090909090909,0.5681818181818182,0.6363636363636364,0.5681818181818182,0.5227272727272727,0.5113636363636364,0.6136363636363636,0.6477272727272727,0.625,0.5795454545454546,0.6363636363636364
