,LR,LDA,SVM,KNN-1,KNN-2,KNN-3,KNN-4,KNN-5,KNN-6,KNN-7,KNN-8,KNN-9,KNN-10,KNN-20
mean,0.5420454545454545,0.5079545454545454,0.5431818181818182,0.5727272727272728,0.5795454545454546,0.5602272727272727,0.571590909090909,0.5397727272727273,0.5579545454545454,0.5465909090909091,0.5545454545454546,0.5284090909090909,0.546590909090909,0.530681818181818
std,0.04010503312898917,0.08018322967675834,0.10670798097975157,0.07110727291065039,0.07613542137212796,0.0816021980879337,0.08996511159304242,0.09142059383444824,0.08202310196644812,0.09484079986293321,0.07941909155138106,0.07211906350249915,0.05448492011321009,0.09553417794270407
min,0.4772727272727273,0.3295454545454545,0.2954545454545455,0.4772727272727273,0.4772727272727273,0.4431818181818182,0.4090909090909091,0.4204545454545455,0.4659090909090909,0.4431818181818182,0.4659090909090909,0.4318181818181818,0.4545454545454545,0.3977272727272727
25%,0.5170454545454546,0.4886363636363637,0.48579545454545453,0.5170454545454546,0.5454545454545454,0.48579545454545453,0.5198863636363636,0.46590909090909083,0.48863636363636365,0.4715909090909091,0.49147727272727276,0.46590909090909083,0.5227272727272727,0.46875
50%,0.5454545454545454,0.5113636363636364,0.5852272727272727,0.5568181818181819,0.5681818181818181,0.5738636363636365,0.5965909090909092,0.5170454545454546,0.5284090909090908,0.5056818181818181,0.5284090909090908,0.5227272727272727,0.5340909090909091,0.5340909090909091
75%,0.5681818181818182,0.53125,0.6193181818181819,0.6392045454545454,0.6136363636363636,0.6278409090909092,0.6335227272727273,0.6306818181818181,0.6392045454545454,0.6448863636363636,0.6221590909090909,0.5880681818181819,0.5852272727272728,0.5909090909090909
max,0.6022727272727273,0.625,0.6363636363636364,0.6704545454545454,0.7045454545454546,0.6704545454545454,0.6704545454545454,0.6590909090909091,0.6704545454545454,0.6704545454545454,0.6704545454545454,0.6363636363636364,0.6477272727272727,0.6818181818181818
