,LR,LDA,SVM,KNN-1,KNN-2,KNN-3,KNN-4,KNN-5,KNN-6,KNN-7,KNN-8,KNN-9,KNN-10,KNN-20
mean,0.46590909090909094,0.471590909090909,0.4818181818181818,0.5215909090909091,0.5204545454545455,0.5068181818181817,0.525,0.5079545454545455,0.5204545454545455,0.5079545454545454,0.48068181818181815,0.48977272727272725,0.48977272727272725,0.4795454545454546
std,0.05248638810814778,0.14741127819916702,0.09312328785072266,0.05150679522243952,0.06055869361124648,0.06586989430086108,0.06196395468690464,0.0730677792690421,0.05431347978465129,0.07227804757750558,0.07187992806597342,0.050094607463974566,0.04922785332207492,0.04961976634488732
min,0.3636363636363637,0.26136363636363635,0.2954545454545455,0.4431818181818182,0.4204545454545455,0.3863636363636364,0.375,0.3863636363636364,0.4545454545454545,0.4318181818181818,0.3863636363636364,0.4204545454545455,0.4090909090909091,0.4090909090909091
25%,0.4460227272727273,0.3607954545454546,0.42045454545454547,0.4772727272727273,0.4772727272727273,0.48295454545454547,0.5,0.46875,0.46875,0.46875,0.4147727272727273,0.45738636363636354,0.46022727272727265,0.44886363636363635
50%,0.4659090909090909,0.47159090909090906,0.5227272727272727,0.5227272727272727,0.5454545454545454,0.5170454545454546,0.5397727272727273,0.5056818181818182,0.5170454545454546,0.4886363636363637,0.4829545454545455,0.4886363636363637,0.5,0.47159090909090906
75%,0.5,0.5539772727272727,0.5454545454545454,0.5653409090909091,0.5653409090909091,0.5653409090909091,0.5653409090909091,0.5653409090909092,0.5653409090909091,0.5198863636363636,0.5482954545454546,0.5227272727272727,0.5227272727272727,0.5028409090909092
max,0.5340909090909091,0.7045454545454546,0.5568181818181818,0.5909090909090909,0.5909090909090909,0.5681818181818182,0.5795454545454546,0.625,0.6022727272727273,0.6590909090909091,0.5795454545454546,0.5681818181818182,0.5568181818181818,0.5681818181818182
