,LR,LDA,SVM,KNN-1,KNN-2,KNN-3,KNN-4,KNN-5,KNN-6,KNN-7,KNN-8,KNN-9,KNN-10,KNN-20
mean,0.0,0.5113636363636365,0.5454545454545453,0.5,0.4545454545454544,0.47727272727272735,0.5,0.4318181818181818,0.46590909090909094,0.4545454545454544,0.4204545454545455,0.47727272727272735,0.375,0.40909090909090906
std,0.0,1.1702778228589004e-16,1.1702778228589004e-16,0.0,5.851389114294502e-17,5.851389114294502e-17,0.0,0.0,5.851389114294502e-17,5.851389114294502e-17,0.0,5.851389114294502e-17,0.0,5.851389114294502e-17
min,0.0,0.5113636363636364,0.5454545454545454,0.5,0.4545454545454545,0.4772727272727273,0.5,0.4318181818181818,0.4659090909090909,0.4545454545454545,0.4204545454545455,0.4772727272727273,0.375,0.4090909090909091
25%,0.0,0.5113636363636364,0.5454545454545454,0.5,0.4545454545454545,0.4772727272727273,0.5,0.4318181818181818,0.4659090909090909,0.4545454545454545,0.4204545454545455,0.4772727272727273,0.375,0.4090909090909091
50%,0.0,0.5113636363636364,0.5454545454545454,0.5,0.4545454545454545,0.4772727272727273,0.5,0.4318181818181818,0.4659090909090909,0.4545454545454545,0.4204545454545455,0.4772727272727273,0.375,0.4090909090909091
75%,0.0,0.5113636363636364,0.5454545454545454,0.5,0.4545454545454545,0.4772727272727273,0.5,0.4318181818181818,0.4659090909090909,0.4545454545454545,0.4204545454545455,0.4772727272727273,0.375,0.4090909090909091
max,0.0,0.5113636363636364,0.5454545454545454,0.5,0.4545454545454545,0.4772727272727273,0.5,0.4318181818181818,0.4659090909090909,0.4545454545454545,0.4204545454545455,0.4772727272727273,0.375,0.4090909090909091
