,Logistic Regression,LDA,SVM,KNN-1,KNN-2,KNN-3,KNN-4,KNN-5,KNN-6,KNN-7,KNN-8,KNN-9,KNN-10,KNN-20
count,0.0,0.0,0.0,0.0,0.0,0.0,0.0,0.0,0.0,0.0,0.0,0.0,0.0,0.0
mean,0.01363636363636389,-0.0454545454545453,0.027272727272727337,0.04772727272727284,0.04772727272727284,0.029545454545454652,0.040909090909091006,0.015909090909090984,0.040909090909091006,0.029545454545454652,0.03863636363636391,0.002272727272727315,2.220446049250313e-16,0.004545454545454741
std,0.017604469755488177,0.10050378152592111,0.058485633532178026,0.059843689873125626,0.053782543482723655,0.07250597644851749,0.08180415143450348,0.09540643328140085,0.08388248809494783,0.09540643328140086,0.06630411056679099,0.0593622364368476,0.03302196169348986,0.08591056062021102
min,-0.011363636363636354,-0.21590909090909094,-0.07954545454545453,-0.011363636363636354,0.0,-0.09090909090909094,-0.09090909090909094,-0.12499999999999989,-0.07954545454545453,-0.10227272727272724,-0.045454545454545414,-0.09090909090909094,-0.045454545454545414,-0.07954545454545453
25%,0.0,-0.03409090909090906,0.03409090909090917,-0.011363636363636354,0.0,0.0,0.0,-0.045454545454545414,-0.022727272727272707,-0.05681818181818171,-0.011363636363636354,-0.03409090909090906,-0.011363636363636354,-0.06818181818181812
50%,0.022727272727272818,-0.03409090909090906,0.045454545454545525,0.03409090909090917,0.03409090909090917,0.05681818181818188,0.07954545454545459,0.03409090909090917,0.06818181818181823,0.09090909090909094,0.03409090909090917,0.03409090909090917,-0.011363636363636354,-0.022727272727272707
75%,0.022727272727272818,-0.022727272727272707,0.05681818181818188,0.10227272727272729,0.06818181818181823,0.09090909090909094,0.09090909090909094,0.10227272727272729,0.11363636363636365,0.10227272727272729,0.09090909090909094,0.045454545454545525,0.022727272727272818,0.05681818181818188
max,0.03409090909090917,0.07954545454545459,0.07954545454545459,0.125,0.13636363636363635,0.09090909090909094,0.125,0.11363636363636365,0.125,0.11363636363636365,0.125,0.05681818181818188,0.045454545454545525,0.13636363636363635
