,LR,LDA,SVM,KNN-1,KNN-2,KNN-3,KNN-4,KNN-5,KNN-6,KNN-7,KNN-8,KNN-9,KNN-10,KNN-20
mean,0.9354838709677422,0.9870967741935482,0.9870967741935482,1.0,1.0,1.0,1.0,0.9935483870967742,1.0,0.9806451612903224,0.9935483870967742,0.9870967741935482,0.9870967741935482,0.9870967741935482
std,1.1702778228589004e-16,1.1702778228589004e-16,1.1702778228589004e-16,0.0,0.0,0.0,0.0,0.0,0.0,0.0,0.0,1.1702778228589004e-16,1.1702778228589004e-16,1.1702778228589004e-16
min,0.9354838709677421,0.9870967741935484,0.9870967741935484,1.0,1.0,1.0,1.0,0.9935483870967742,1.0,0.9806451612903224,0.9935483870967742,0.9870967741935484,0.9870967741935484,0.9870967741935484
25%,0.9354838709677421,0.9870967741935484,0.9870967741935484,1.0,1.0,1.0,1.0,0.9935483870967742,1.0,0.9806451612903224,0.9935483870967742,0.9870967741935484,0.9870967741935484,0.9870967741935484
50%,0.9354838709677421,0.9870967741935484,0.9870967741935484,1.0,1.0,1.0,1.0,0.9935483870967742,1.0,0.9806451612903224,0.9935483870967742,0.9870967741935484,0.9870967741935484,0.9870967741935484
75%,0.9354838709677421,0.9870967741935484,0.9870967741935484,1.0,1.0,1.0,1.0,0.9935483870967742,1.0,0.9806451612903224,0.9935483870967742,0.9870967741935484,0.9870967741935484,0.9870967741935484
max,0.9354838709677421,0.9870967741935484,0.9870967741935484,1.0,1.0,1.0,1.0,0.9935483870967742,1.0,0.9806451612903224,0.9935483870967742,0.9870967741935484,0.9870967741935484,0.9870967741935484
