,LR,LDA,SVM,KNN-1,KNN-2,KNN-3,KNN-4,KNN-5,KNN-6,KNN-7,KNN-8,KNN-9,KNN-10,KNN-20
mean,1.0,1.0,0.9870967741935482,0.9935483870967742,0.9935483870967742,0.9935483870967742,0.9935483870967742,0.9935483870967742,0.9935483870967742,0.9935483870967742,0.9935483870967742,0.9935483870967742,0.9935483870967742,0.9806451612903224
std,0.0,0.0,1.1702778228589004e-16,0.0,0.0,0.0,0.0,0.0,0.0,0.0,0.0,0.0,0.0,0.0
min,1.0,1.0,0.9870967741935484,0.9935483870967742,0.9935483870967742,0.9935483870967742,0.9935483870967742,0.9935483870967742,0.9935483870967742,0.9935483870967742,0.9935483870967742,0.9935483870967742,0.9935483870967742,0.9806451612903224
25%,1.0,1.0,0.9870967741935484,0.9935483870967742,0.9935483870967742,0.9935483870967742,0.9935483870967742,0.9935483870967742,0.9935483870967742,0.9935483870967742,0.9935483870967742,0.9935483870967742,0.9935483870967742,0.9806451612903224
50%,1.0,1.0,0.9870967741935484,0.9935483870967742,0.9935483870967742,0.9935483870967742,0.9935483870967742,0.9935483870967742,0.9935483870967742,0.9935483870967742,0.9935483870967742,0.9935483870967742,0.9935483870967742,0.9806451612903224
75%,1.0,1.0,0.9870967741935484,0.9935483870967742,0.9935483870967742,0.9935483870967742,0.9935483870967742,0.9935483870967742,0.9935483870967742,0.9935483870967742,0.9935483870967742,0.9935483870967742,0.9935483870967742,0.9806451612903224
max,1.0,1.0,0.9870967741935484,0.9935483870967742,0.9935483870967742,0.9935483870967742,0.9935483870967742,0.9935483870967742,0.9935483870967742,0.9935483870967742,0.9935483870967742,0.9935483870967742,0.9935483870967742,0.9806451612903224
