,LR,LDA,SVM,KNN-1,KNN-2,KNN-3,KNN-4,KNN-5,KNN-6,KNN-7,KNN-8,KNN-9,KNN-10,KNN-20
mean,1.0,0.5806451612903227,1.0,0.9870967741935482,0.9741935483870968,0.9741935483870968,0.9741935483870968,0.9806451612903224,0.9741935483870968,0.9741935483870968,0.9741935483870968,0.9677419354838712,0.9741935483870968,0.9290322580645162
std,0.0,1.1702778228589004e-16,0.0,1.1702778228589004e-16,0.0,0.0,0.0,0.0,0.0,0.0,0.0,2.340555645717801e-16,0.0,0.0
min,1.0,0.5806451612903226,1.0,0.9870967741935484,0.9741935483870968,0.9741935483870968,0.9741935483870968,0.9806451612903224,0.9741935483870968,0.9741935483870968,0.9741935483870968,0.967741935483871,0.9741935483870968,0.9290322580645162
25%,1.0,0.5806451612903226,1.0,0.9870967741935484,0.9741935483870968,0.9741935483870968,0.9741935483870968,0.9806451612903224,0.9741935483870968,0.9741935483870968,0.9741935483870968,0.967741935483871,0.9741935483870968,0.9290322580645162
50%,1.0,0.5806451612903226,1.0,0.9870967741935484,0.9741935483870968,0.9741935483870968,0.9741935483870968,0.9806451612903224,0.9741935483870968,0.9741935483870968,0.9741935483870968,0.967741935483871,0.9741935483870968,0.9290322580645162
75%,1.0,0.5806451612903226,1.0,0.9870967741935484,0.9741935483870968,0.9741935483870968,0.9741935483870968,0.9806451612903224,0.9741935483870968,0.9741935483870968,0.9741935483870968,0.967741935483871,0.9741935483870968,0.9290322580645162
max,1.0,0.5806451612903226,1.0,0.9870967741935484,0.9741935483870968,0.9741935483870968,0.9741935483870968,0.9806451612903224,0.9741935483870968,0.9741935483870968,0.9741935483870968,0.967741935483871,0.9741935483870968,0.9290322580645162
