,LR,LDA,SVM,KNN-1,KNN-2,KNN-3,KNN-4,KNN-5,KNN-6,KNN-7,KNN-8,KNN-9,KNN-10,KNN-20
mean,0.8,0.8258064516129032,0.8258064516129032,0.9741935483870968,0.9612903225806452,0.9483870967741937,0.9483870967741937,0.9483870967741937,0.9483870967741937,0.9483870967741937,0.9483870967741937,0.9161290322580644,0.9161290322580644,0.8258064516129032
std,0.0,0.0,0.0,0.0,0.0,1.1702778228589004e-16,1.1702778228589004e-16,1.1702778228589004e-16,1.1702778228589004e-16,1.1702778228589004e-16,1.1702778228589004e-16,0.0,0.0,0.0
min,0.8,0.8258064516129032,0.8258064516129032,0.9741935483870968,0.9612903225806452,0.9483870967741936,0.9483870967741936,0.9483870967741936,0.9483870967741936,0.9483870967741936,0.9483870967741936,0.9161290322580644,0.9161290322580644,0.8258064516129032
25%,0.8,0.8258064516129032,0.8258064516129032,0.9741935483870968,0.9612903225806452,0.9483870967741936,0.9483870967741936,0.9483870967741936,0.9483870967741936,0.9483870967741936,0.9483870967741936,0.9161290322580644,0.9161290322580644,0.8258064516129032
50%,0.8,0.8258064516129032,0.8258064516129032,0.9741935483870968,0.9612903225806452,0.9483870967741936,0.9483870967741936,0.9483870967741936,0.9483870967741936,0.9483870967741936,0.9483870967741936,0.9161290322580644,0.9161290322580644,0.8258064516129032
75%,0.8,0.8258064516129032,0.8258064516129032,0.9741935483870968,0.9612903225806452,0.9483870967741936,0.9483870967741936,0.9483870967741936,0.9483870967741936,0.9483870967741936,0.9483870967741936,0.9161290322580644,0.9161290322580644,0.8258064516129032
max,0.8,0.8258064516129032,0.8258064516129032,0.9741935483870968,0.9612903225806452,0.9483870967741936,0.9483870967741936,0.9483870967741936,0.9483870967741936,0.9483870967741936,0.9483870967741936,0.9161290322580644,0.9161290322580644,0.8258064516129032
