,LR,LDA,SVM,KNN-1,KNN-2,KNN-3,KNN-4,KNN-5,KNN-6,KNN-7,KNN-8,KNN-9,KNN-10,KNN-20
mean,0.832258064516129,0.7896774193548387,0.8335483870967743,0.796774193548387,0.7651612903225806,0.8354838709677418,0.8264516129032259,0.8329032258064515,0.8303225806451613,0.835483870967742,0.8361290322580646,0.8406451612903225,0.8470967741935483,0.844516129032258
std,0.03894789306725766,0.048489735824056,0.04529422319793807,0.05399948184726758,0.056669829133765524,0.049811762674840734,0.04964435896608425,0.043486614890612826,0.0493266018975337,0.04451664848276228,0.042600191017339854,0.04951376478541906,0.04682545701510422,0.04474462163716054
min,0.8,0.7290322580645161,0.7935483870967742,0.7483870967741936,0.7032258064516129,0.7741935483870968,0.7870967741935484,0.7935483870967742,0.7741935483870968,0.7870967741935484,0.7741935483870968,0.7612903225806451,0.7806451612903226,0.7677419354838709
25%,0.8,0.7564516129032258,0.8,0.7564516129032258,0.7354838709677419,0.8129032258064516,0.7951612903225806,0.8161290322580644,0.803225806451613,0.8064516129032259,0.8209677419354838,0.8209677419354838,0.8290322580645162,0.8225806451612903
50%,0.8161290322580645,0.7774193548387096,0.8129032258064517,0.7806451612903226,0.7419354838709677,0.8193548387096774,0.8096774193548386,0.8258064516129032,0.8225806451612903,0.8354838709677419,0.8354838709677419,0.8387096774193549,0.8387096774193549,0.8419354838709677
75%,0.8516129032258064,0.814516129032258,0.853225806451613,0.8096774193548386,0.7919354838709678,0.8483870967741935,0.8387096774193549,0.832258064516129,0.8370967741935484,0.8387096774193549,0.8451612903225807,0.85,0.8435483870967743,0.8612903225806451
max,0.9032258064516128,0.8967741935483872,0.9161290322580644,0.9161290322580644,0.8903225806451613,0.9548387096774194,0.9483870967741936,0.9483870967741936,0.9548387096774194,0.9483870967741936,0.9354838709677421,0.9419354838709676,0.9483870967741936,0.9290322580645162
