,LR,LDA,SVM,KNN-1,KNN-2,KNN-3,KNN-4,KNN-5,KNN-6,KNN-7,KNN-8,KNN-9,KNN-10,KNN-20
mean,-0.010726277132926745,0.01707143685743246,0.043517539795812826,-0.05837746894199593,0.00016694385437845797,-0.01639874017866322,0.0067397866484705925,-0.021181784822356425,0.012923136890066841,0.0024787176401382294,0.01462875070383137,0.004953988538350603,0.017729529367400142,0.021360074032643176
std,0.04474900541294949,0.06344476415474082,0.05503924515671126,0.13857321021578164,0.10987581857779685,0.1032046599204678,0.07139151653691377,0.08095804213572831,0.05887504674392305,0.08818233294590085,0.07719736182433079,0.07176842185861858,0.05148017589892995,0.06943733510419013
min,-0.14500000000000002,-0.09090909090909088,-0.022727272727272707,-0.4301075268817204,-0.25,-0.2795698924731183,-0.125,-0.1827956989247312,-0.0892857142857143,-0.1827956989247312,-0.11363636363636359,-0.13978494623655924,-0.0357142857142857,-0.0892857142857143
25%,0.0,-0.011363636363636354,0.0,-0.08771929824561409,-0.03508771929824561,-0.045454545454545414,-0.04629629629629628,-0.07017543859649122,-0.004629629629629539,-0.025362318840579712,-0.01935483870967747,-0.018115942028985477,-0.010752688172043001,-0.011363636363636354
50%,0.0,0.0,0.03409090909090917,-0.03409090909090917,0.018115942028985588,0.0,0.0,0.0,0.0,0.0,0.011363636363636354,0.0,0.011363636363636354,0.0
75%,0.0,0.040000000000000036,0.05681818181818177,0.0,0.06818181818181823,0.01754385964912275,0.02898550724637683,0.0036231884057971175,0.011363636363636354,0.045454545454545414,0.03409090909090917,0.02564102564102566,0.026315789473684292,0.05500000000000005
max,0.0652173913043479,0.1870967741935483,0.1870967741935483,0.19999999999999996,0.19999999999999996,0.19999999999999996,0.19999999999999996,0.19354838709677413,0.19999999999999996,0.18064516129032238,0.19354838709677413,0.1870967741935483,0.1870967741935483,0.1870967741935483
