,Logistic Regression,LDA,SVM,KNN-1,KNN-2,KNN-3,KNN-4,KNN-5,KNN-6,KNN-7,KNN-8,KNN-9,KNN-10,KNN-20
count,0.0,0.0,0.0,0.0,0.0,0.0,0.0,0.0,0.0,0.0,0.0,0.0,0.0,0.0
mean,-0.0017276008374101925,-0.07373637008170797,0.01308015170485266,-0.08405014164960134,-0.04754203414885816,-0.051632255485298484,-0.027382923968938044,-0.03759439547895638,-0.009894316705423178,-0.01749930165324054,0.0008789812470745284,-0.00957679938444278,0.0026158130751834374,0.00828764394932735
std,0.031497330175365074,0.023513343202823667,0.0018320357465566872,0.039622463066180086,-0.0021821174089955847,0.036423004456775765,0.01695482825650496,0.031399270467751095,0.014999740870751038,0.027977816134360123,0.01265293931547734,0.022691198150543962,0.011073573344614063,0.011167324342325341
min,-0.385,-0.17045454545454553,-0.1363636363636363,-0.3817204301075269,-0.1842105263157895,-0.25268817204301075,-0.2017543859649123,-0.18181818181818182,-0.11403508771929832,-0.14516129032258063,-0.125,-0.125,-0.07954545454545447,-0.10227272727272729
25%,0.022727272727272818,-0.06818181818181812,0.03425559947299084,-0.06331168831168821,-0.02759740259740251,-0.03668261562998398,-0.022727272727272707,-0.03409090909090906,-0.015454545454545388,-0.0019762845849802257,0.005270092226614009,-0.012845849802371467,0.0,0.022727272727272818
50%,0.0,-0.1228070175438597,0.0,-0.09477498093058734,-0.0695773524720893,-0.05821371610845294,-0.03548644338118023,-0.05821371610845294,-0.03508771929824561,-0.046850079744816586,-0.012759170653907526,-0.03548644338118023,-0.02412280701754388,-0.006265664160400974
75%,0.0,-0.12145748987854244,0.0,-0.08911483253588515,-0.055023923444976086,-0.07612781954887216,-0.01684210526315788,-0.04453441295546556,0.0,-0.03229665071770327,0.009824561403508847,0.006747638326585759,0.006747638326585759,0.009824561403508847
max,0.007885304659498327,0.007885304659498327,0.027240143369175573,-0.017921146953404965,-0.037275985663082434,0.0014336917562725038,0.014336917562723928,-0.0023148148148147696,0.020788530465949973,0.0,0.014336917562723928,0.0,0.007885304659498327,0.027240143369175573
