,Logistic Regression,LDA,SVM,KNN-1,KNN-2,KNN-3,KNN-4,KNN-5,KNN-6,KNN-7,KNN-8,KNN-9,KNN-10,KNN-20
count,0.0,0.0,0.0,0.0,0.0,0.0,0.0,0.0,0.0,0.0,0.0,0.0,0.0,0.0
mean,-0.020527281057956315,-0.0832509183842276,0.014370977151440867,-0.06624347270592357,-0.036723516273288515,-0.047346315691573215,-0.022802949235966596,-0.03160179617189629,-0.011279563437199713,-0.019183208774963267,-0.01325180976927609,-0.018610098651390516,-0.006393611916484243,0.0019310079511123401
std,0.01372538214107627,0.009108672471948673,0.016827556322452475,0.046776897001444134,-0.0013506089774869973,0.04225524534577141,0.01472712843526447,0.037598528805420584,0.01944373198487631,0.03140946231531738,0.0311319266750007,0.035550556584643234,0.0284383702137479,0.026614052125740195
min,-0.1363636363636363,-0.23863636363636365,-0.20454545454545447,-0.3817204301075269,-0.09139784946236562,-0.2956989247311828,-0.13157894736842107,-0.26344086021505375,-0.0892857142857143,-0.15591397849462357,-0.125,-0.15591397849462357,-0.10227272727272729,-0.09090909090909088
25%,-0.022727272727272707,-0.05422647527910679,0.044289044289044344,-0.05681818181818171,-0.027338603425559937,-0.03409090909090906,-0.03263403263403264,-0.022727272727272707,-0.019138755980861233,-0.03409090909090906,-0.022727272727272707,-0.03409090909090906,-0.011363636363636354,-0.011363636363636354
50%,-0.046850079744816586,-0.11148839841539337,0.0,-0.07017543859649122,-0.05821371610845294,-0.07412280701754392,-0.03548644338118023,-0.05937921727395412,-0.046850079744816586,-0.03548644338118023,-0.03373819163292846,-0.03508771929824561,-0.01754385964912286,-0.01754385964912286
75%,-0.03017543859649119,-0.10458404074702876,0.0,-0.06638755980861244,-0.0435087719298245,-0.04366028708133962,-0.020713073005093285,-0.05263157894736836,-0.013157894736842035,-0.03017543859649119,0.0,-0.022556390977443552,0.0,0.0
max,0.046594982078853264,-0.03472222222222221,0.027240143369175573,-0.011469534050179142,-0.005017921146953319,0.03369175627240151,0.03369175627240151,0.03369175627240151,0.03369175627240151,0.03369175627240151,0.04014336917562733,0.04014336917562733,0.04014336917562733,0.04014336917562733
