,LR,LDA,SVM,KNN-1,KNN-2,KNN-3,KNN-4,KNN-5,KNN-6,KNN-7,KNN-8,KNN-9,KNN-10,KNN-20
mean,-0.07239819004524888,-0.01778174993857651,-0.017645739222645753,-0.0554104036584312,-0.019826910662216063,-0.02330016234404659,-0.01798824003036785,-0.028856355139643367,-0.021056758041655934,-0.006697946944246309,-0.0021361046120054934,-0.021458933297944755,-0.03463615681433604,-0.025998583958735753
std,0.16572397618917284,0.08562292323467605,0.12616137532152247,0.13917944829250298,0.12069699455902184,0.11024698963931678,0.10843278874322643,0.11487157518379718,0.11272678377302885,0.08659540992088031,0.07799796687373262,0.06425250875303942,0.08211016870796453,0.0869421864588299
min,-0.5,-0.30769230769230765,-0.4871794871794871,-0.31578947368421056,-0.31578947368421056,-0.25,-0.25,-0.31578947368421056,-0.31578947368421056,-0.1785714285714285,-0.1785714285714285,-0.15384615384615374,-0.17948717948717946,-0.30769230769230765
25%,0.0,-0.03409090909090917,-0.011363636363636354,-0.10879629629629628,-0.045454545454545525,-0.08564814814814814,-0.07692307692307687,-0.06818181818181812,-0.045454545454545414,-0.045454545454545525,-0.025362318840579712,-0.0535714285714286,-0.07500000000000001,-0.045454545454545414
50%,0.0,0.0,0.0,-0.05681818181818171,-0.013157894736842035,-0.022727272727272707,0.0,-0.040000000000000036,-0.01388888888888884,-0.010000000000000009,0.0,-0.022727272727272707,-0.032608695652173836,0.0
75%,0.0,0.019354838709677358,0.03409090909090906,0.0,0.022727272727272707,0.045454545454545414,0.025000000000000022,0.045454545454545414,0.011363636363636354,0.03409090909090917,0.03508771929824561,0.0,0.0,0.0
max,0.0,0.13636363636363635,0.11363636363636365,0.19354838709677413,0.19354838709677413,0.19354838709677413,0.19354838709677413,0.17419354838709677,0.17419354838709677,0.1483870967741936,0.1483870967741936,0.11612903225806437,0.13548387096774206,0.08387096774193548
