,LR,LDA,SVM,KNN-1,KNN-2,KNN-3,KNN-4,KNN-5,KNN-6,KNN-7,KNN-8,KNN-9,KNN-10,KNN-20
mean,-0.028709745683755564,-0.023383909415622534,0.030654829728751023,-0.023902843240313214,0.007475573910632259,-0.007678580019710453,0.029174064869845154,-0.008402243988774977,0.02110614605611329,0.020441395209956952,0.024244718065099414,0.027843064928592856,0.018258365161934013,0.02021792436023501
std,0.11813530928019565,0.12268164796277058,0.05948177364847629,0.15415938233794887,0.09449699761531657,0.12754293435364467,0.08303489070304942,0.12204228416873335,0.097802716354331,0.09119063968941479,0.08432829559648575,0.09071776603031158,0.09358243452073416,0.06995168766795555
min,-0.3010752688172043,-0.2903225806451613,-0.03409090909090906,-0.4408602150537635,-0.1785714285714285,-0.3118279569892473,-0.1428571428571428,-0.25,-0.23214285714285715,-0.1612903225806453,-0.1785714285714285,-0.11827956989247312,-0.1964285714285714,-0.06818181818181812
25%,-0.05681818181818177,-0.09090909090909083,0.0,-0.07407407407407407,-0.045454545454545414,-0.09090909090909088,-0.032258064516129004,-0.08000000000000007,-0.022727272727272707,-0.022727272727272707,-0.010752688172043001,-0.05263157894736836,-0.013157894736842035,-0.011363636363636354
50%,-0.03409090909090917,-0.03409090909090906,0.0,-0.011363636363636354,0.0,-0.02314814814814814,0.01754385964912275,-0.022727272727272707,0.0,0.022727272727272707,0.0,0.0,0.011363636363636465,0.0
75%,0.021739130434782594,0.07692307692307698,0.050000000000000044,0.0905797101449276,0.06818181818181812,0.06818181818181823,0.05681818181818177,0.07692307692307698,0.07999999999999996,0.07692307692307698,0.05681818181818177,0.10256410256410264,0.05681818181818177,0.02564102564102566
max,0.19999999999999996,0.19999999999999996,0.18064516129032238,0.19999999999999996,0.19999999999999996,0.19999999999999996,0.19999999999999996,0.19999999999999996,0.19999999999999996,0.1870967741935483,0.19354838709677413,0.1870967741935483,0.1870967741935483,0.1870967741935483
