,LR,LDA,SVM,KNN-1,KNN-2,KNN-3,KNN-4,KNN-5,KNN-6,KNN-7,KNN-8,KNN-9,KNN-10,KNN-20
mean,-0.2697137567922829,-0.243113369213895,-0.24179238783247042,-0.29534195160581944,-0.2510216660026689,-0.2753906204034298,-0.2486945208024977,-0.2472063849270437,-0.2322197874180296,-0.22417892572181117,-0.2183042999264954,-0.22467688558561721,-0.22069918433906116,-0.22538861615108144
std,0.15688982366187793,0.15555074131993613,0.1699221720805863,0.185018871660671,0.14215960666079494,0.1733239460121887,0.1500465108003214,0.1535190467509887,0.1488992925386199,0.15026249351449386,0.1356153680066727,0.13925203808277248,0.1330199300284794,0.14057502197827867
min,-0.5770609318996416,-0.5555555555555556,-0.658119658119658,-0.7383512544802867,-0.4603174603174603,-0.6415770609318996,-0.4327485380116958,-0.5125448028673835,-0.40025252525252514,-0.5017921146953405,-0.42297979797979796,-0.43727598566308246,-0.38888888888888884,-0.4786324786324786
25%,-0.3688888888888888,-0.3288888888888888,-0.3138888888888889,-0.37606837606837606,-0.36257309941520466,-0.38388888888888884,-0.37103174603174593,-0.32478632478632474,-0.36200716845878134,-0.31746031746031744,-0.3099415204678362,-0.32478632478632474,-0.30934343434343425,-0.3038888888888889
50%,-0.3038888888888889,-0.27046783625730986,-0.22979797979797978,-0.3188888888888889,-0.24415204678362568,-0.283625730994152,-0.2752525252525252,-0.2979797979797979,-0.2979797979797979,-0.26388888888888884,-0.26388888888888884,-0.24116161616161613,-0.2752525252525252,-0.2525252525252525
75%,-0.21843434343434343,-0.16161616161616155,-0.15204678362573099,-0.22979797979797978,-0.1729797979797979,-0.20707070707070707,-0.16161616161616155,-0.2088888888888888,-0.16161616161616155,-0.1502525252525252,-0.17836257309941517,-0.16520467836257302,-0.16520467836257302,-0.15204678362573099
max,0.04014336917562733,0.053046594982078754,0.027240143369175573,0.07885304659498216,0.07240143369175633,0.07885304659498216,0.046594982078853264,0.046594982078853264,0.0594982078853048,0.0594982078853048,0.0594982078853048,0.046594982078853264,0.0594982078853048,0.0594982078853048
