,Logistic Regression,LDA,SVM,KNN-1,KNN-2,KNN-3,KNN-4,KNN-5,KNN-6,KNN-7,KNN-8,KNN-9,KNN-10,KNN-20
count,0.0,0.0,0.0,0.0,0.0,0.0,0.0,0.0,0.0,0.0,0.0,0.0,0.0,0.0
mean,-0.027068315569839685,-0.00046792799145167763,0.0008530533899728798,-0.05269651038337597,-0.008376224780225594,-0.032745179180986406,-0.006049079580054406,-0.004560943704600251,0.010425653804413737,0.018466515500632052,0.024341141295948,0.01796855563682609,0.021946256883382254,0.017256825071361948
std,0.041849244154131104,0.04051016181218925,0.05488159257283945,0.06997829215292414,0.027119027153048092,0.05828336650444185,0.03500593129257454,0.03847846724324186,0.03385871303087304,0.03522191400674701,0.020574788498925856,0.02421145857502563,0.017979350520732545,0.025534442470531826
min,-0.1881720430107527,-0.16666666666666669,-0.26923076923076916,-0.34946236559139787,-0.07142857142857145,-0.25268817204301075,-0.04385964912280699,-0.12365591397849462,-0.011363636363636298,-0.11290322580645162,-0.034090909090909116,-0.048387096774193616,0.0,-0.08974358974358976
25%,-0.025454545454545396,0.014545454545454639,0.02954545454545454,-0.03263403263403264,-0.019138755980861233,-0.04045454545454541,-0.02759740259740251,0.018648018648018683,-0.01857282502443791,0.025974025974025983,0.03349282296650724,0.018648018648018683,0.03409090909090917,0.03954545454545455
50%,-0.06412280701754391,-0.030701754385964897,0.009968102073365182,-0.07912280701754393,-0.004385964912280715,-0.04385964912280704,-0.03548644338118023,-0.05821371610845294,-0.05821371610845294,-0.02412280701754388,-0.02412280701754388,-0.001395534290271172,-0.03548644338118023,-0.012759170653907526
75%,-0.06638755980861244,-0.009569377990430561,0.0,-0.0777511961722488,-0.020933014354066914,-0.055023923444976086,-0.009569377990430561,-0.056842105263157805,-0.009569377990430561,0.0017942583732057926,-0.02631578947368418,-0.013157894736842035,-0.013157894736842035,0.0
max,0.04014336917562733,0.053046594982078754,0.027240143369175573,0.07885304659498216,0.07240143369175633,0.07885304659498216,0.046594982078853264,0.046594982078853264,0.0594982078853048,0.0594982078853048,0.0594982078853048,0.046594982078853264,0.0594982078853048,0.0594982078853048
