,Logistic Regression,LDA,SVM,KNN-1,KNN-2,KNN-3,KNN-4,KNN-5,KNN-6,KNN-7,KNN-8,KNN-9,KNN-10,KNN-20
count,0.0,0.0,0.0,0.0,0.0,0.0,0.0,0.0,0.0,0.0,0.0,0.0,0.0,0.0
mean,-0.05459501587483029,-0.13225220492190815,-0.00787799940345102,-0.031712532960779805,0.0014647769276970868,-0.02870688420526879,0.0007060386345144609,0.007416503400724084,0.023391781406091217,0.028981799518102425,0.03353954046237795,0.023744194210501224,0.028450170701874056,0.022953174757481376
std,0.07817618222918901,0.03976791371800417,0.06900880851377378,0.07388685085832725,0.030916589198802552,0.06174680430433213,0.040220477169046115,0.03818783723982552,0.03688647033271719,0.036718789839791904,0.023828113825894587,0.028003775645624146,0.019506920593868105,0.02776582963625876
min,-0.3709677419354839,-0.4032258064516129,-0.26923076923076916,-0.34946236559139787,-0.05357142857142855,-0.24193548387096775,-0.045454545454545525,-0.12365591397849462,-0.011363636363636298,-0.12365591397849462,-0.034090909090909116,-0.037634408602150615,0.0,-0.08974358974358976
25%,-0.02759740259740251,-0.0839160839160838,0.014545454545454639,-0.009740259740259716,-0.025454545454545396,-0.03263403263403264,-0.02759740259740251,0.018648018648018683,-0.01857282502443791,0.03409090909090917,0.03349282296650724,0.018648018648018683,0.03409090909090917,0.03954545454545455
50%,-0.0964912280701754,-0.14912280701754388,0.006674294431731509,-0.06412280701754391,-0.004385964912280715,-0.04385964912280704,-0.05821371610845294,-0.05821371610845294,-0.046850079744816586,-0.03373819163292846,-0.012759170653907526,-0.012759170653907526,-0.03548644338118023,-0.001395534290271172
75%,-0.06638755980861244,-0.14184210526315788,0.0,0.013157894736842146,-0.014619883040935644,-0.06638755980861244,-0.0035087719298245723,-0.009569377990430561,0.009824561403508847,0.009824561403508847,0.009824561403508847,0.009824561403508847,0.009824561403508847,0.009824561403508847
max,0.06594982078853051,-0.08796296296296291,0.027240143369175573,0.07885304659498216,0.07240143369175633,0.07885304659498216,0.046594982078853264,0.046594982078853264,0.0594982078853048,0.0594982078853048,0.0594982078853048,0.046594982078853264,0.0594982078853048,0.0594982078853048
