,LR,LDA,SVM,KNN-1,KNN-2,KNN-3,KNN-4,KNN-5,KNN-6,KNN-7,KNN-8,KNN-9,KNN-10,KNN-20
mean,-0.3120270400158068,-0.2600233103655176,-0.27392602238767433,-0.3493752515588693,-0.2875300702558419,-0.27053393661800557,-0.28867650757598173,-0.2882981844505233,-0.27970103242310235,-0.232955879600459,-0.22869302348338294,-0.22499518932684076,-0.22180939607545883,-0.27988621424886884
std,0.24500012191141,0.14783094970508892,0.16654589522979513,0.19692315243843528,0.18811238746118017,0.17984074474941486,0.17766990232510893,0.2000960779243303,0.18902061706795797,0.1545111995647167,0.15030333010035235,0.14492586426221243,0.14408534142781515,0.16936077285833456
min,-0.8888888888888888,-0.5888888888888888,-0.6729797979797979,-0.6188888888888888,-0.5674603174603174,-0.5555555555555556,-0.5380116959064327,-0.695906432748538,-0.695906432748538,-0.4684343434343433,-0.5138888888888888,-0.41161616161616155,-0.41888888888888887,-0.5934343434343433
25%,-0.3434343434343434,-0.34541062801932365,-0.3338888888888888,-0.4678362573099415,-0.4273504273504272,-0.38888888888888884,-0.44570707070707066,-0.40674603174603163,-0.40674603174603163,-0.3434343434343434,-0.3164251207729468,-0.32004830917874394,-0.3434343434343434,-0.38888888888888884
50%,-0.23976608187134496,-0.24786324786324776,-0.2573099415204678,-0.41161616161616155,-0.3082437275985662,-0.28661616161616155,-0.2974910394265232,-0.3434343434343434,-0.2759856630824372,-0.24116161616161613,-0.22979797979797978,-0.2525252525252525,-0.22979797979797978,-0.30934343434343425
75%,-0.15204678362573099,-0.15204678362573099,-0.16520467836257302,-0.3207070707070706,-0.16888888888888887,-0.19555555555555548,-0.16520467836257302,-0.16520467836257302,-0.15204678362573099,-0.15204678362573099,-0.15204678362573099,-0.15204678362573099,-0.15204678362573099,-0.15204678362573099
max,0.0,0.0,0.0,0.08530465949820798,0.08530465949820798,0.09175627240143358,0.09175627240143358,0.07240143369175633,0.07240143369175633,0.08530465949820798,0.08530465949820798,0.08530465949820798,0.08530465949820798,0.027240143369175573
