,LR,LDA,SVM,KNN-1,KNN-2,KNN-3,KNN-4,KNN-5,KNN-6,KNN-7,KNN-8,KNN-9,KNN-10,KNN-20
mean,-0.25688267871213194,-0.3500293544560508,-0.2242996865652044,-0.3290816234447091,-0.2908626668240246,-0.30025047766006036,-0.2687009528566515,-0.2798572455172277,-0.25718680904164226,-0.271117124687366,-0.25713394431441616,-0.25712752828401503,-0.24969540745708785,-0.23751240486187006
std,0.13332418873814253,0.13539012949775145,0.11285964890587469,0.15914282849829184,0.11876939658090427,0.1514431581298463,0.1292065394603051,0.14808166917923227,0.1336323216412204,0.14362393554834335,0.1370732106289295,0.13853824784636412,0.13319096930203556,0.1290873374772522
min,-0.7525252525252525,-0.6608187134502923,-0.6088888888888888,-0.7706093189964157,-0.6567460317460316,-0.6738351254480286,-0.5730994152046783,-0.6093189964157706,-0.5042735042735043,-0.5878136200716846,-0.5593434343434344,-0.5252525252525251,-0.5138888888888888,-0.5555555555555556
25%,-0.3534522860180755,-0.42874396135265697,-0.29866161616161613,-0.414875730994152,-0.3775252525252525,-0.38888888888888884,-0.37028769841269826,-0.38888888888888884,-0.36165204678362567,-0.37077294685990336,-0.35964975845410624,-0.36616161616161613,-0.3510476978218914,-0.3317824989020641
50%,-0.26388888888888884,-0.36303249890206407,-0.22817460317460314,-0.3314942907334211,-0.2979797979797979,-0.3207070707070706,-0.2828174603174603,-0.2922979797979797,-0.269570707070707,-0.28661616161616155,-0.2752525252525252,-0.2752525252525252,-0.26388888888888884,-0.24359668109668103
75%,-0.17460317460317454,-0.2771031746031746,-0.15204678362573099,-0.2589546783625731,-0.1979498936735778,-0.23695707070707067,-0.1785747972080739,-0.20467836257309935,-0.16663855150697246,-0.17432549175970222,-0.15443912812333863,-0.15886069340016706,-0.15204678362573099,-0.15204678362573099
max,0.04014336917562733,-0.04629629629629628,0.046594982078853264,-0.005017921146953319,0.0014336917562725038,0.053046594982078754,0.053046594982078754,0.0594982078853048,0.0594982078853048,0.0594982078853048,0.0594982078853048,0.0594982078853048,0.0594982078853048,0.06594982078853051
