,LR,LDA,SVM,KNN-1,KNN-2,KNN-3,KNN-4,KNN-5,KNN-6,KNN-7,KNN-8,KNN-9,KNN-10,KNN-20
mean,0.04489465908770812,-0.023383909415622534,0.040664469624169856,-0.021229945405061224,0.0006893950214047288,-0.00917898287490643,0.007606107897631106,-0.006248248566604256,0.011534450615015462,0.03340072286574444,0.03357735446998753,0.04048757211655228,0.03528558042380293,0.03611284568937447
std,0.07500683357503359,0.12268164796277058,0.09378097749859955,0.159435034915755,0.11141788867443014,0.13291650971802846,0.10933024500173846,0.11818615355697804,0.10277689985538875,0.09234056921161381,0.08251615076565193,0.0868208620837256,0.09625491078810738,0.0695157392905293
min,-0.06818181818181812,-0.2903225806451613,-0.15789473684210525,-0.40860215053763443,-0.23214285714285715,-0.32258064516129037,-0.30357142857142855,-0.24731182795698925,-0.2857142857142857,-0.10752688172043012,-0.125,-0.0535714285714286,-0.1785714285714285,-0.034090909090909116
25%,0.0,-0.09090909090909083,0.0,-0.09259259259259256,-0.06578947368421051,-0.07894736842105254,-0.034090909090909116,-0.08771929824561409,-0.02564102564102555,-0.03508771929824561,-0.013157894736842035,-0.02631578947368418,-0.021505376344086002,0.0
50%,0.0,-0.03409090909090906,0.03409090909090917,-0.011363636363636354,-0.011363636363636298,0.011363636363636354,0.0,-0.00925925925925919,0.011363636363636354,0.022727272727272707,0.011363636363636354,0.0,0.0,0.0
75%,0.08333333333333337,0.07692307692307698,0.12681159420289856,0.10256410256410264,0.07954545454545459,0.045454545454545525,0.045454545454545525,0.06818181818181823,0.045454545454545525,0.1282051282051283,0.07692307692307698,0.12,0.12318840579710144,0.045454545454545525
max,0.19999999999999996,0.19999999999999996,0.1870967741935483,0.19354838709677413,0.19354838709677413,0.19354838709677413,0.19354838709677413,0.19354838709677413,0.19354838709677413,0.19354838709677413,0.19354838709677413,0.2051282051282053,0.2051282051282053,0.2051282051282053
