,LR,LDA,SVM,KNN-1,KNN-2,KNN-3,KNN-4,KNN-5,KNN-6,KNN-7,KNN-8,KNN-9,KNN-10,KNN-20
mean,-0.06332763868440314,-0.13081067347563294,0.025205381478791263,-0.018284408806599515,0.01768282892648393,-0.0016902258448574213,0.03459546690250037,0.001838150198282028,0.02946396515629341,0.02277083597517034,0.033042271327837075,0.034405769061629475,0.02897898380908512,0.023072229609882842
std,0.14902895523451135,0.13245290353346398,0.07714228156841219,0.16584693269241663,0.1082429004049735,0.13205308712799757,0.09580421050764848,0.12888692799560617,0.11069063266979148,0.10549169474914362,0.09908601341760898,0.09506061236185188,0.10149216446775002,0.0826948924764602
min,-0.4516129032258065,-0.4408602150537635,-0.17948717948717946,-0.4408602150537635,-0.1785714285714285,-0.3118279569892473,-0.1428571428571428,-0.23214285714285715,-0.21428571428571425,-0.1612903225806453,-0.1785714285714285,-0.11827956989247312,-0.1964285714285714,-0.06818181818181812
25%,-0.0892857142857143,-0.17045454545454541,0.0,-0.07870370370370361,-0.045454545454545414,-0.07894736842105254,-0.022727272727272707,-0.08000000000000007,-0.02631578947368418,-0.03409090909090906,-0.011363636363636354,-0.03409090909090906,-0.013157894736842035,-0.017857142857142794
50%,-0.05681818181818171,-0.1071428571428571,0.0,-0.03409090909090906,0.0,-0.011363636363636354,0.0,-0.022727272727272707,0.0,0.0,0.0,0.0,0.0,0.0
75%,-0.018115942028985477,-0.03409090909090906,0.04500000000000004,0.07954545454545447,0.07692307692307698,0.05128205128205132,0.045454545454545525,0.07692307692307698,0.08999999999999997,0.06999999999999995,0.05681818181818177,0.07954545454545447,0.06000000000000005,0.022727272727272707
max,0.19999999999999996,0.061594202898550776,0.18064516129032238,0.2246376811594203,0.23188405797101452,0.23550724637681164,0.26449275362318847,0.25,0.2681159420289856,0.25,0.26086956521739135,0.23913043478260887,0.2246376811594203,0.2065217391304348
