,LR,LDA,SVM,KNN-1,KNN-2,KNN-3,KNN-4,KNN-5,KNN-6,KNN-7,KNN-8,KNN-9,KNN-10,KNN-20
mean,0.05026617487205679,-0.15798933273432725,0.06571471387348791,-0.02960751179791428,0.015549234469822518,0.009851303496390976,0.03347826483306882,0.03509299588751735,0.03477837143237342,0.020488317987840374,0.03334869391197253,0.03219971594546606,0.023857164984080453,0.042317595090881115
std,0.07888780321417982,0.126308998170179,0.07950018439715803,0.17832569188346717,0.12615277315449347,0.14624000872232373,0.10463905803709701,0.14579508672281571,0.1154883775445807,0.12339220988339962,0.11624221556758343,0.09646297951778246,0.09795652168411073,0.0703811189859771
min,-0.06451612903225812,-0.4301075268817204,-0.017857142857142794,-0.4408602150537635,-0.1785714285714285,-0.3548387096774194,-0.1607142857142857,-0.3010752688172043,-0.1785714285714285,-0.22580645161290325,-0.21052631578947373,-0.11827956989247312,-0.19298245614035087,-0.0892857142857143
25%,0.0,-0.2386363636363636,0.0,-0.13157894736842102,-0.09210526315789469,-0.07017543859649122,-0.03240740740740733,-0.05681818181818188,-0.034090909090909116,-0.045454545454545525,-0.03409090909090917,-0.045454545454545525,-0.022727272727272707,0.0
50%,0.022727272727272818,-0.1228070175438597,0.045454545454545414,0.0,0.011363636363636465,0.0,0.02564102564102566,0.022727272727272818,0.0,0.0023148148148148806,0.0023148148148148806,0.022727272727272818,0.011363636363636465,0.011363636363636354
75%,0.10869565217391308,-0.07692307692307687,0.125,0.08499999999999996,0.14772727272727282,0.14772727272727282,0.10227272727272729,0.18064516129032238,0.17419354838709677,0.1282051282051283,0.17419354838709677,0.10256410256410264,0.07499999999999996,0.05681818181818188
max,0.19999999999999996,0.09420289855072461,0.2051282051282053,0.25,0.22101449275362317,0.2282608695652174,0.19565217391304346,0.24637681159420288,0.2065217391304348,0.23188405797101452,0.19927536231884058,0.19202898550724645,0.1870967741935483,0.19354838709677413
