,LR,LDA,SVM,KNN-1,KNN-2,KNN-3,KNN-4,KNN-5,KNN-6,KNN-7,KNN-8,KNN-9,KNN-10,KNN-20
mean,-0.005642189226310297,-0.07623953984225088,-0.006631632193673271,-0.10459984301086844,-0.060633003798390955,-0.06693828931259076,-0.03894113859623479,-0.04491690318147336,-0.027661182886971964,-0.032533550450734194,-0.022782401599577302,-0.025522019392793898,-0.01979774892694835,-0.00963008915915138
std,0.05672855177729678,0.08155121130913315,0.06499492220871449,0.1333575275748355,0.08322915604594669,0.10107972035182486,0.06933871213071538,0.08336582785777412,0.062864978494803,0.06980635468198515,0.060270763853010806,0.06439229649444236,0.057812532975022334,0.05612444926798722
min,-0.41025641025641024,-0.2666666666666667,-0.42045454545454547,-0.4946236559139785,-0.30357142857142855,-0.39784946236559143,-0.31578947368421056,-0.32258064516129037,-0.2456140350877194,-0.21505376344086025,-0.22807017543859653,-0.19354838709677424,-0.28070175438596495,-0.2631578947368422
25%,-0.01754385964912286,-0.1300841514726507,-0.020833333333333315,-0.1477272727272727,-0.1071428571428571,-0.1274038461538461,-0.0681818181818182,-0.0892857142857143,-0.06534090909090906,-0.0681818181818182,-0.05681818181818177,-0.05681818181818177,-0.045454545454545525,-0.03060380479735314
50%,0.0,-0.07057159026598758,0.0,-0.07407407407407407,-0.053333333333333344,-0.049043062200957,-0.029492753623188428,-0.035401002506265655,-0.022727272727272707,-0.02418414918414913,-0.011363636363636354,-0.01391304347826089,-0.01391304347826089,0.0
75%,0.0,-0.01821658615136873,0.0,-0.023295454545454536,-0.010000000000000009,0.0,0.0,0.011022727272727267,0.0,0.010652173913043517,0.00923611111111114,0.005417413381123004,0.011363636363636465,0.0
max,0.15384615384615385,0.125,0.2051282051282053,0.15384615384615385,0.17948717948717952,0.17948717948717952,0.1483870967741936,0.15384615384615385,0.1548387096774193,0.17948717948717952,0.15384615384615385,0.2051282051282053,0.1483870967741936,0.2051282051282053
