,LR,LDA,SVM,KNN-1,KNN-2,KNN-3,KNN-4,KNN-5,KNN-6,KNN-7,KNN-8,KNN-9,KNN-10,KNN-20
mean,-0.009541516189228503,-0.09994273079065238,0.007566974295965741,-0.07938157128268027,-0.044436661251357576,-0.0548990148255234,-0.022565736892635826,-0.038955111805469365,-0.012712667994069558,-0.02696595612118475,-0.016948823953721926,-0.022528431241192682,-0.012572247700898922,0.00048057832336531766
std,0.06159852181793369,0.12392395787467114,0.05550514325804183,0.13916380941011927,0.08544293611971666,0.11015390294037074,0.07522971509466578,0.09715267490393023,0.07156631723518575,0.08196709916271085,0.07855409566899639,0.07976100025685758,0.07230044966394449,0.06561040412247819
min,-0.1964285714285714,-0.42857142857142855,-0.28205128205128194,-0.4946236559139785,-0.33333333333333337,-0.39784946236559143,-0.2857142857142857,-0.3655913978494624,-0.31578947368421056,-0.2580645161290322,-0.33333333333333337,-0.2580645161290322,-0.2456140350877194,-0.30769230769230765
25%,-0.040000000000000036,-0.16612903225806452,0.0,-0.10667293233082703,-0.0905032467532467,-0.12199656750572084,-0.06192129629629628,-0.0898214285714286,-0.04534090909090906,-0.06818181818181816,-0.05681818181818177,-0.06474065598779555,-0.045454545454545414,-0.03409090909090906
50%,0.0,-0.08657834101382489,0.0,-0.05681818181818171,-0.03112903225806457,-0.045454545454545414,-0.02409511784511781,-0.034090909090909144,-0.011468855218855212,-0.025839054157131947,-0.012365984405458053,-0.026061120543293737,-0.011363636363636326,0.0
75%,0.011363636363636465,-0.03424873737373735,0.02443181818181822,0.005744506778868563,0.006340579710144956,0.01415903890160189,0.022045454545454618,0.018902093944538706,0.02470355731225299,0.021143057503506285,0.02470355731225299,0.004838709677419284,0.02248023715415018,0.013710474308300441
max,0.15384615384615385,0.23076923076923084,0.17948717948717952,0.28205128205128205,0.2564102564102565,0.2051282051282053,0.17948717948717952,0.23076923076923084,0.17948717948717952,0.15909090909090906,0.2051282051282053,0.23076923076923084,0.2051282051282053,0.2051282051282053
