,LR,LDA,SVM,KNN-1,KNN-2,KNN-3,KNN-4,KNN-5,KNN-6,KNN-7,KNN-8,KNN-9,KNN-10,KNN-20
mean,-0.2646861758825879,-0.31445385458920033,-0.24513236390885115,-0.3359484003221839,-0.3028875597531442,-0.3034065559812067,-0.2774027921234878,-0.2846444354538864,-0.26833586424353095,-0.2759867119816891,-0.2688855801756541,-0.2811333963791638,-0.26794754908552293,-0.255630537738189
std,0.15626289717091518,0.13039354459321476,0.12933048628089291,0.15745084704671192,0.10811098613743678,0.1493854884266258,0.1276480947344499,0.14379352732950423,0.13527218101486535,0.14321288851328826,0.1420260744002752,0.14804634160444735,0.1459335303726677,0.136916791507133
min,-0.8888888888888888,-0.5138888888888888,-0.8888888888888888,-0.7921146953405017,-0.5555555555555556,-0.6738351254480286,-0.49116161616161613,-0.5985663082437276,-0.5555555555555556,-0.6837606837606838,-0.658119658119658,-0.658119658119658,-0.658119658119658,-0.6324786324786325
25%,-0.3480193236714975,-0.41161616161616155,-0.3207070707070706,-0.42874396135265697,-0.38888888888888884,-0.39546783625730986,-0.38304503662147416,-0.38888888888888884,-0.36616161616161613,-0.3812611238240528,-0.37103174603174593,-0.39681192227881523,-0.3780193236714975,-0.3547979797979798
50%,-0.23976608187134496,-0.3538888888888888,-0.23976608187134496,-0.33421497584541054,-0.30934343434343425,-0.30934343434343425,-0.30934343434343425,-0.29960317460317454,-0.2895069112174375,-0.2922979797979797,-0.2920536005213424,-0.3044733044733044,-0.28661616161616155,-0.26869658119658113
75%,-0.15204678362573099,-0.2525252525252525,-0.15204678362573099,-0.23166748126425543,-0.21792114695340492,-0.23099415204678353,-0.1785747972080739,-0.19555555555555548,-0.16612573099415198,-0.1915204678362573,-0.16520467836257302,-0.17432549175970222,-0.15204678362573099,-0.15204678362573099
max,0.0,0.04014336917562733,0.00462962962962965,0.07240143369175633,0.053046594982078754,0.07240143369175633,0.07885304659498216,0.07885304659498216,0.07885304659498216,0.07885304659498216,0.07240143369175633,0.07885304659498216,0.07240143369175633,0.06594982078853051
