,LR,LDA,SVM,KNN-1,KNN-2,KNN-3,KNN-4,KNN-5,KNN-6,KNN-7,KNN-8,KNN-9,KNN-10,KNN-20
mean,-0.3316348831530617,-0.32975363388504564,-0.25091919319933764,-0.299966183544434,-0.2837431429779312,-0.2756703356793674,-0.2599084055427656,-0.28386239829774096,-0.27705965072401745,-0.2816375094738439,-0.27361317331383417,-0.26294861030834693,-0.2535102864838339,-0.2445893513686904
std,0.27535356686170104,0.25422715905338306,0.12981159142643015,0.17716686375052806,0.17275274972132376,0.18952488151731584,0.17990625376137626,0.2006670559345772,0.18474441477864373,0.17953334750008637,0.1812908923669569,0.15602751085540192,0.14987428933292093,0.1267992016983895
min,-0.8888888888888888,-0.8888888888888888,-0.4786324786324786,-0.5853174603174603,-0.5853174603174603,-0.6388888888888888,-0.5853174603174603,-0.5674603174603174,-0.5674603174603174,-0.6068376068376068,-0.6068376068376068,-0.45299145299145294,-0.42297979797979796,-0.43434343434343436
25%,-0.3434343434343434,-0.40025252525252514,-0.3434343434343434,-0.41388888888888886,-0.41161616161616155,-0.3775252525252525,-0.36616161616161613,-0.4786324786324786,-0.40025252525252514,-0.37077294685990336,-0.36257309941520466,-0.3852657004830917,-0.3780193236714975,-0.34541062801932365
50%,-0.23976608187134496,-0.23976608187134496,-0.23976608187134496,-0.33207070707070707,-0.2752525252525252,-0.2867383512544802,-0.2867383512544802,-0.2867383512544802,-0.2867383512544802,-0.2867383512544802,-0.2867383512544802,-0.2867383512544802,-0.2867383512544802,-0.24603174603174593
75%,-0.15204678362573099,-0.15204678362573099,-0.16520467836257302,-0.283625730994152,-0.21843434343434343,-0.19555555555555548,-0.15204678362573099,-0.15204678362573099,-0.15204678362573099,-0.15204678362573099,-0.15204678362573099,-0.15204678362573099,-0.15204678362573099,-0.15204678362573099
max,0.0,0.0,0.0,0.10465949820788534,0.10465949820788534,0.09175627240143358,0.09175627240143358,0.09175627240143358,0.06594982078853051,0.06594982078853051,0.07240143369175633,0.07240143369175633,0.07240143369175633,0.0
