,Logistic Regression,LDA,SVM,KNN-1,KNN-2,KNN-3,KNN-4,KNN-5,KNN-6,KNN-7,KNN-8,KNN-9,KNN-10,KNN-20
count,0.0,0.0,0.0,0.0,0.0,0.0,0.0,0.0,0.0,0.0,0.0,0.0,0.0,0.0
mean,-0.028709745683755394,-0.023383909415622406,0.03065482972875122,-0.02390284324031311,0.0074755739106324715,-0.007678580019710446,0.029174064869845306,-0.008402243988774871,0.021106146056113384,0.020441395209957136,0.024244718065099535,0.027843064928592898,0.01825836516193413,0.020217924360235062
std,0.06066730863070802,0.05746059687976454,0.03004071501772304,0.07090377977571474,0.023138443119768426,0.05894361303389489,0.032331109277111,0.06344027463917434,0.043860835990195135,0.03695410296409227,0.03468656488119404,0.036003687980603605,0.046897396618028886,0.04302223927266419
min,-0.1989247311827957,-0.1881720430107527,-0.012820512820512775,-0.33870967741935487,-0.017857142857142794,-0.2096774193548387,-0.034090909090909116,-0.12365591397849462,-0.07142857142857145,-0.05913978494623667,-0.017857142857142794,-0.045454545454545525,-0.09090909090909088,-0.05681818181818182
25%,0.0,-0.022727272727272707,0.011363636363636354,-0.011363636363636354,0.011363636363636354,0.008116883116883189,0.024437927663734205,-0.022727272727272707,0.024437927663734205,0.022727272727272818,0.009545454545454635,0.02954545454545454,0.0,-0.005454545454545379
50%,-0.05937921727395412,-0.05937921727395412,0.009968102073365182,-0.03508771929824561,-0.012759170653907526,-0.03508771929824561,-0.001395534290271172,-0.054122807017543906,-0.012759170653907526,-0.001395534290271172,0.0,0.021331738437001535,-0.001395534290271172,-0.01754385964912286
75%,-0.1004784688995215,-0.1004784688995215,0.0,-0.055023923444976086,-0.016934697855750414,-0.04843630816170863,0.0,-0.02631578947368418,-0.009569377990430561,-0.0035087719298245723,-0.04366028708133962,-0.020933014354066914,-0.013157894736842035,0.0
max,0.11111111111111116,0.11111111111111116,0.09175627240143358,0.11111111111111116,0.11111111111111116,0.11111111111111116,0.11111111111111116,0.11111111111111116,0.11111111111111116,0.09820788530465951,0.10465949820788534,0.09820788530465951,0.09820788530465951,0.09820788530465951
