,Logistic Regression,LDA,SVM,KNN-1,KNN-2,KNN-3,KNN-4,KNN-5,KNN-6,KNN-7,KNN-8,KNN-9,KNN-10,KNN-20
count,0.0,0.0,0.0,0.0,0.0,0.0,0.0,0.0,0.0,0.0,0.0,0.0,0.0,0.0
mean,-0.03412816935834839,-0.03767031511541896,0.016467546778077935,-0.08926484543358681,-0.01732257411975935,-0.05864822143818138,-0.017859371743507046,-0.019677892498280114,-0.006576220775175057,-0.004067950881962101,0.004517908978338814,-0.017882676047290214,-0.006852419231326512,0.0021077357720158396
std,0.07775320848989589,0.08847230689877314,0.02057947810184435,0.059616290390473864,0.005232666333353134,0.05954046378012939,0.028619812667652816,0.0336288558946618,0.025203721702688364,0.03030873307426074,0.02046401484776242,0.032554737115369686,0.020578176641613044,0.02492874168226364
min,-0.46590909090909094,-0.3522727272727273,-0.1363636363636363,-0.32795698924731176,-0.05499999999999999,-0.23118279569892475,-0.16666666666666669,-0.15591397849462357,-0.08500000000000002,-0.11290322580645162,-0.06,-0.07500000000000001,-0.05681818181818182,-0.0641025641025641
25%,0.0,0.0,0.052371541501976315,-0.09090909090909094,-0.00782013685239491,-0.012845849802371467,0.008116883116883189,0.0016469038208168918,-0.019138755980861233,0.01594896331738438,0.01594896331738438,-0.020092226613965702,-0.0019762845849802257,0.03409090909090917
50%,0.0,-0.03508771929824561,-0.02412280701754388,-0.10366826156299846,-0.02412280701754388,-0.07578947368421052,-0.012759170653907526,-0.03548644338118023,-0.012759170653907526,-0.012759170653907526,-0.03373819163292846,-0.05983709273182958,-0.03548644338118023,-0.02412280701754388
75%,0.0,0.0,0.0,-0.12320574162679421,-0.03017543859649119,-0.08911483253588515,-0.009569377990430561,-0.056842105263157805,0.009824561403508847,-0.020933014354066914,0.0017942583732057926,-0.02631578947368418,-0.03947368421052633,0.0
max,0.0,0.0594982078853048,0.0594982078853048,0.04014336917562733,0.04014336917562733,0.046594982078853264,0.027240143369175573,0.046594982078853264,0.0594982078853048,0.0594982078853048,0.0594982078853048,0.046594982078853264,0.0594982078853048,0.0594982078853048
