,LR,LDA,SVM,KNN-1,KNN-2,KNN-3,KNN-4,KNN-5,KNN-6,KNN-7,KNN-8,KNN-9,KNN-10,KNN-20
mean,0.5641025641025641,0.6153846153846153,0.6153846153846153,0.5641025641025641,0.6666666666666667,0.5128205128205128,0.46153846153846156,0.41025641025641024,0.5128205128205128,0.43589743589743596,0.5384615384615384,0.5384615384615384,0.5641025641025641,0.6153846153846153
std,0.0,1.1702778228589004e-16,1.1702778228589004e-16,0.0,1.1702778228589004e-16,0.0,5.851389114294502e-17,0.0,0.0,5.851389114294502e-17,0.0,0.0,0.0,1.1702778228589004e-16
min,0.5641025641025641,0.6153846153846154,0.6153846153846154,0.5641025641025641,0.6666666666666666,0.5128205128205128,0.4615384615384616,0.41025641025641024,0.5128205128205128,0.4358974358974359,0.5384615384615384,0.5384615384615384,0.5641025641025641,0.6153846153846154
25%,0.5641025641025641,0.6153846153846154,0.6153846153846154,0.5641025641025641,0.6666666666666666,0.5128205128205128,0.4615384615384616,0.41025641025641024,0.5128205128205128,0.4358974358974359,0.5384615384615384,0.5384615384615384,0.5641025641025641,0.6153846153846154
50%,0.5641025641025641,0.6153846153846154,0.6153846153846154,0.5641025641025641,0.6666666666666666,0.5128205128205128,0.4615384615384616,0.41025641025641024,0.5128205128205128,0.4358974358974359,0.5384615384615384,0.5384615384615384,0.5641025641025641,0.6153846153846154
75%,0.5641025641025641,0.6153846153846154,0.6153846153846154,0.5641025641025641,0.6666666666666666,0.5128205128205128,0.4615384615384616,0.41025641025641024,0.5128205128205128,0.4358974358974359,0.5384615384615384,0.5384615384615384,0.5641025641025641,0.6153846153846154
max,0.5641025641025641,0.6153846153846154,0.6153846153846154,0.5641025641025641,0.6666666666666666,0.5128205128205128,0.4615384615384616,0.41025641025641024,0.5128205128205128,0.4358974358974359,0.5384615384615384,0.5384615384615384,0.5641025641025641,0.6153846153846154
