,LR,LDA,SVM,KNN-1,KNN-2,KNN-3,KNN-4,KNN-5,KNN-6,KNN-7,KNN-8,KNN-9,KNN-10,KNN-20
mean,0.5897435897435896,0.5897435897435896,0.4871794871794872,0.6410256410256412,0.5897435897435896,0.5641025641025641,0.5384615384615384,0.5897435897435896,0.6153846153846153,0.5897435897435896,0.5897435897435896,0.6153846153846153,0.5384615384615384,0.5384615384615384
std,1.1702778228589004e-16,1.1702778228589004e-16,0.0,1.1702778228589004e-16,1.1702778228589004e-16,0.0,0.0,1.1702778228589004e-16,1.1702778228589004e-16,1.1702778228589004e-16,1.1702778228589004e-16,1.1702778228589004e-16,0.0,0.0
min,0.5897435897435898,0.5897435897435898,0.4871794871794872,0.6410256410256411,0.5897435897435898,0.5641025641025641,0.5384615384615384,0.5897435897435898,0.6153846153846154,0.5897435897435898,0.5897435897435898,0.6153846153846154,0.5384615384615384,0.5384615384615384
25%,0.5897435897435898,0.5897435897435898,0.4871794871794872,0.6410256410256411,0.5897435897435898,0.5641025641025641,0.5384615384615384,0.5897435897435898,0.6153846153846154,0.5897435897435898,0.5897435897435898,0.6153846153846154,0.5384615384615384,0.5384615384615384
50%,0.5897435897435898,0.5897435897435898,0.4871794871794872,0.6410256410256411,0.5897435897435898,0.5641025641025641,0.5384615384615384,0.5897435897435898,0.6153846153846154,0.5897435897435898,0.5897435897435898,0.6153846153846154,0.5384615384615384,0.5384615384615384
75%,0.5897435897435898,0.5897435897435898,0.4871794871794872,0.6410256410256411,0.5897435897435898,0.5641025641025641,0.5384615384615384,0.5897435897435898,0.6153846153846154,0.5897435897435898,0.5897435897435898,0.6153846153846154,0.5384615384615384,0.5384615384615384
max,0.5897435897435898,0.5897435897435898,0.4871794871794872,0.6410256410256411,0.5897435897435898,0.5641025641025641,0.5384615384615384,0.5897435897435898,0.6153846153846154,0.5897435897435898,0.5897435897435898,0.6153846153846154,0.5384615384615384,0.5384615384615384
