,LR,LDA,SVM,KNN-1,KNN-2,KNN-3,KNN-4,KNN-5,KNN-6,KNN-7,KNN-8,KNN-9,KNN-10,KNN-20
mean,-0.10256410256410253,0.10256410256410264,0.10256410256410264,0.05128205128205132,0.15384615384615383,0.0,-0.051282051282051155,-0.10256410256410253,0.0,-0.07692307692307687,0.02564102564102566,0.02564102564102566,0.05128205128205132,0.10256410256410264
std,0.0,0.0,0.0,0.0,2.925694557147251e-17,0.0,0.0,0.0,0.0,0.0,0.0,0.0,0.0,0.0
min,-0.10256410256410253,0.10256410256410264,0.10256410256410264,0.05128205128205132,0.15384615384615385,0.0,-0.051282051282051155,-0.10256410256410253,0.0,-0.07692307692307687,0.02564102564102566,0.02564102564102566,0.05128205128205132,0.10256410256410264
25%,-0.10256410256410253,0.10256410256410264,0.10256410256410264,0.05128205128205132,0.15384615384615385,0.0,-0.051282051282051155,-0.10256410256410253,0.0,-0.07692307692307687,0.02564102564102566,0.02564102564102566,0.05128205128205132,0.10256410256410264
50%,-0.10256410256410253,0.10256410256410264,0.10256410256410264,0.05128205128205132,0.15384615384615385,0.0,-0.051282051282051155,-0.10256410256410253,0.0,-0.07692307692307687,0.02564102564102566,0.02564102564102566,0.05128205128205132,0.10256410256410264
75%,-0.10256410256410253,0.10256410256410264,0.10256410256410264,0.05128205128205132,0.15384615384615385,0.0,-0.051282051282051155,-0.10256410256410253,0.0,-0.07692307692307687,0.02564102564102566,0.02564102564102566,0.05128205128205132,0.10256410256410264
max,-0.10256410256410253,0.10256410256410264,0.10256410256410264,0.05128205128205132,0.15384615384615385,0.0,-0.051282051282051155,-0.10256410256410253,0.0,-0.07692307692307687,0.02564102564102566,0.02564102564102566,0.05128205128205132,0.10256410256410264
