,LR,LDA,SVM,KNN-1,KNN-2,KNN-3,KNN-4,KNN-5,KNN-6,KNN-7,KNN-8,KNN-9,KNN-10,KNN-20
mean,0.5256410256410255,0.49743589743589745,0.5615384615384615,0.4769230769230769,0.482051282051282,0.5205128205128206,0.46923076923076923,0.5051282051282051,0.5153846153846156,0.5205128205128207,0.5282051282051282,0.5435897435897437,0.5282051282051282,0.5282051282051282
std,0.16803079701997864,0.06858941076150044,0.10841569552428429,0.12514875362545727,0.1158111773398586,0.11784338167674636,0.08022358995047736,0.09129709533830141,0.08326207779800039,0.09049340808592427,0.06751595780557777,0.08699494461538103,0.05296387481993047,0.11025309741262976
min,0.10256410256410256,0.38461538461538464,0.4358974358974359,0.3333333333333333,0.3076923076923077,0.3333333333333333,0.3076923076923077,0.41025641025641024,0.41025641025641024,0.41025641025641024,0.41025641025641024,0.41025641025641024,0.4615384615384616,0.3076923076923077
25%,0.48076923076923084,0.4615384615384616,0.4615384615384616,0.38461538461538464,0.41025641025641024,0.4102564102564103,0.42307692307692313,0.4166666666666667,0.467948717948718,0.4615384615384616,0.4935897435897436,0.4871794871794872,0.4935897435897436,0.4935897435897436
50%,0.5769230769230769,0.4871794871794872,0.5769230769230769,0.4230769230769231,0.46153846153846156,0.5641025641025641,0.4871794871794872,0.5,0.5,0.4871794871794872,0.5256410256410255,0.5256410256410255,0.5384615384615384,0.5384615384615384
75%,0.6346153846153847,0.5512820512820513,0.6346153846153847,0.5833333333333333,0.5705128205128205,0.5897435897435898,0.532051282051282,0.5576923076923077,0.5897435897435898,0.5833333333333333,0.5384615384615384,0.5897435897435898,0.5384615384615384,0.5576923076923077
max,0.6666666666666666,0.6153846153846154,0.7179487179487181,0.6666666666666666,0.6923076923076923,0.6923076923076923,0.5641025641025641,0.6666666666666666,0.6410256410256411,0.6923076923076923,0.6666666666666666,0.7179487179487181,0.6410256410256411,0.7179487179487181
