,LR,LDA,SVM,KNN-1,KNN-2,KNN-3,KNN-4,KNN-5,KNN-6,KNN-7,KNN-8,KNN-9,KNN-10,KNN-20
mean,0.07692307692307698,0.07692307692307698,-0.02564102564102555,0.12820512820512828,0.07692307692307698,0.05128205128205132,0.02564102564102566,0.07692307692307698,0.10256410256410264,0.07692307692307698,0.07692307692307698,0.10256410256410264,0.02564102564102566,0.02564102564102566
std,0.0,0.0,0.0,2.925694557147251e-17,0.0,0.0,0.0,0.0,0.0,0.0,0.0,0.0,0.0,0.0
min,0.07692307692307698,0.07692307692307698,-0.02564102564102555,0.1282051282051283,0.07692307692307698,0.05128205128205132,0.02564102564102566,0.07692307692307698,0.10256410256410264,0.07692307692307698,0.07692307692307698,0.10256410256410264,0.02564102564102566,0.02564102564102566
25%,0.07692307692307698,0.07692307692307698,-0.02564102564102555,0.1282051282051283,0.07692307692307698,0.05128205128205132,0.02564102564102566,0.07692307692307698,0.10256410256410264,0.07692307692307698,0.07692307692307698,0.10256410256410264,0.02564102564102566,0.02564102564102566
50%,0.07692307692307698,0.07692307692307698,-0.02564102564102555,0.1282051282051283,0.07692307692307698,0.05128205128205132,0.02564102564102566,0.07692307692307698,0.10256410256410264,0.07692307692307698,0.07692307692307698,0.10256410256410264,0.02564102564102566,0.02564102564102566
75%,0.07692307692307698,0.07692307692307698,-0.02564102564102555,0.1282051282051283,0.07692307692307698,0.05128205128205132,0.02564102564102566,0.07692307692307698,0.10256410256410264,0.07692307692307698,0.07692307692307698,0.10256410256410264,0.02564102564102566,0.02564102564102566
max,0.07692307692307698,0.07692307692307698,-0.02564102564102555,0.1282051282051283,0.07692307692307698,0.05128205128205132,0.02564102564102566,0.07692307692307698,0.10256410256410264,0.07692307692307698,0.07692307692307698,0.10256410256410264,0.02564102564102566,0.02564102564102566
