,LR,LDA,SVM,KNN-1,KNN-2,KNN-3,KNN-4,KNN-5,KNN-6,KNN-7,KNN-8,KNN-9,KNN-10,KNN-20
mean,0.4995,0.507,0.48549999999999993,0.5010000000000001,0.508,0.49850000000000005,0.515,0.506,0.5090000000000001,0.5015000000000001,0.5075000000000001,0.5095,0.522,0.48650000000000004
std,0.05423457281927174,0.05563771702321686,0.09479363551068887,0.06939420404872121,0.05907622195096771,0.04847966354852081,0.05542763049438631,0.05586690532964138,0.06441186916158304,0.06863955775563306,0.06507474335118214,0.06242551116686547,0.06828046735503661,0.08455931514491928
min,0.415,0.385,0.3,0.4,0.435,0.45,0.465,0.42,0.415,0.405,0.41,0.425,0.435,0.335
25%,0.4575,0.47625,0.475,0.43624999999999997,0.4625,0.46,0.4774999999999999,0.48,0.4774999999999999,0.45625000000000004,0.47375,0.47124999999999995,0.48750000000000004,0.46125000000000005
50%,0.5,0.5225,0.5,0.5225,0.5025,0.49,0.5025,0.49,0.515,0.48,0.495,0.4925,0.505,0.495
75%,0.52875,0.53375,0.5175000000000001,0.5475000000000001,0.5325,0.52,0.525,0.5375000000000001,0.5275000000000001,0.5599999999999999,0.53625,0.55375,0.56875,0.5362500000000001
max,0.6,0.58,0.65,0.6,0.625,0.605,0.655,0.62,0.655,0.62,0.645,0.625,0.655,0.615
