,LR,LDA,SVM,KNN-1,KNN-2,KNN-3,KNN-4,KNN-5,KNN-6,KNN-7,KNN-8,KNN-9,KNN-10,KNN-20
mean,0.0,0.535,0.5250000000000001,0.62,0.5199999999999999,0.53,0.5250000000000001,0.51,0.51,0.49000000000000005,0.45499999999999996,0.45,0.425,0.42000000000000004
std,0.0,0.0,1.1702778228589004e-16,0.0,1.1702778228589004e-16,0.0,1.1702778228589004e-16,0.0,0.0,5.851389114294502e-17,5.851389114294502e-17,0.0,0.0,5.851389114294502e-17
min,0.0,0.535,0.525,0.62,0.52,0.53,0.525,0.51,0.51,0.49,0.455,0.45,0.425,0.42
25%,0.0,0.535,0.525,0.62,0.52,0.53,0.525,0.51,0.51,0.49,0.455,0.45,0.425,0.42
50%,0.0,0.535,0.525,0.62,0.52,0.53,0.525,0.51,0.51,0.49,0.455,0.45,0.425,0.42
75%,0.0,0.535,0.525,0.62,0.52,0.53,0.525,0.51,0.51,0.49,0.455,0.45,0.425,0.42
max,0.0,0.535,0.525,0.62,0.52,0.53,0.525,0.51,0.51,0.49,0.455,0.45,0.425,0.42
