,LR,LDA,SVM,KNN-1,KNN-2,KNN-3,KNN-4,KNN-5,KNN-6,KNN-7,KNN-8,KNN-9,KNN-10,KNN-20
mean,0.355,0.54,0.58,0.505,0.53,0.5,0.505,0.505,0.545,0.545,0.51,0.5149999999999999,0.53,0.5549999999999999
std,0.0,0.0,0.0,0.0,0.0,0.0,0.0,0.0,0.0,0.0,0.0,1.1702778228589004e-16,0.0,1.1702778228589004e-16
min,0.355,0.54,0.58,0.505,0.53,0.5,0.505,0.505,0.545,0.545,0.51,0.515,0.53,0.555
25%,0.355,0.54,0.58,0.505,0.53,0.5,0.505,0.505,0.545,0.545,0.51,0.515,0.53,0.555
50%,0.355,0.54,0.58,0.505,0.53,0.5,0.505,0.505,0.545,0.545,0.51,0.515,0.53,0.555
75%,0.355,0.54,0.58,0.505,0.53,0.5,0.505,0.505,0.545,0.545,0.51,0.515,0.53,0.555
max,0.355,0.54,0.58,0.505,0.53,0.5,0.505,0.505,0.545,0.545,0.51,0.515,0.53,0.555
