,LR,LDA,SVM,KNN-1,KNN-2,KNN-3,KNN-4,KNN-5,KNN-6,KNN-7,KNN-8,KNN-9,KNN-10,KNN-20
mean,0.5600000000000002,0.615,0.55,0.51,0.5600000000000002,0.62,0.6050000000000001,0.595,0.58,0.58,0.5549999999999999,0.575,0.5649999999999998,0.54
std,1.1702778228589004e-16,0.0,0.0,0.0,1.1702778228589004e-16,0.0,1.1702778228589004e-16,0.0,0.0,0.0,1.1702778228589004e-16,0.0,1.1702778228589004e-16,0.0
min,0.56,0.615,0.55,0.51,0.56,0.62,0.605,0.595,0.58,0.58,0.555,0.575,0.565,0.54
25%,0.56,0.615,0.55,0.51,0.56,0.62,0.605,0.595,0.58,0.58,0.555,0.575,0.565,0.54
50%,0.56,0.615,0.55,0.51,0.56,0.62,0.605,0.595,0.58,0.58,0.555,0.575,0.565,0.54
75%,0.56,0.615,0.55,0.51,0.56,0.62,0.605,0.595,0.58,0.58,0.555,0.575,0.565,0.54
max,0.56,0.615,0.55,0.51,0.56,0.62,0.605,0.595,0.58,0.58,0.555,0.575,0.565,0.54
