,LR,LDA,SVM,KNN-1,KNN-2,KNN-3,KNN-4,KNN-5,KNN-6,KNN-7,KNN-8,KNN-9,KNN-10,KNN-20
mean,0.5279999999999999,0.507,0.518,0.49850000000000005,0.5015,0.506,0.5125,0.5125,0.515,0.5075,0.4960000000000001,0.503,0.4960000000000001,0.4995
std,0.04767948545583659,0.05563771702321686,0.05991660871578097,0.04708443951502923,0.04737849957757445,0.04514175204594718,0.05094932122544256,0.055440157928266315,0.04163331998932266,0.04131518418746846,0.061409373153543195,0.07032464401300269,0.06441186916158302,0.07220533990717799
min,0.46,0.385,0.385,0.445,0.43,0.45,0.415,0.41,0.455,0.46,0.415,0.445,0.44,0.425
25%,0.485,0.47625,0.50875,0.45125000000000004,0.4774999999999999,0.4675,0.49749999999999994,0.48,0.48875,0.47624999999999995,0.44875,0.45625,0.45125000000000004,0.44875
50%,0.5325,0.5225,0.5225,0.5025,0.4925,0.505,0.5075000000000001,0.51,0.515,0.505,0.495,0.47,0.47,0.48750000000000004
75%,0.5675,0.53375,0.5387500000000001,0.54,0.515,0.53625,0.55375,0.5625,0.54125,0.53375,0.535,0.53,0.5225,0.51875
max,0.59,0.58,0.62,0.56,0.605,0.575,0.58,0.58,0.595,0.59,0.615,0.66,0.64,0.66
