,LR,LDA,SVM,KNN-1,KNN-2,KNN-3,KNN-4,KNN-5,KNN-6,KNN-7,KNN-8,KNN-9,KNN-10,KNN-20
mean,0.5,0.38636363636363635,0.625,0.5795454545454547,0.5681818181818182,0.5227272727272727,0.5454545454545453,0.5227272727272727,0.46590909090909094,0.47727272727272735,0.4431818181818182,0.5,0.47727272727272735,0.5568181818181818
std,0.0,5.851389114294502e-17,0.0,1.1702778228589004e-16,0.0,0.0,1.1702778228589004e-16,0.0,5.851389114294502e-17,5.851389114294502e-17,0.0,0.0,5.851389114294502e-17,0.0
min,0.5,0.3863636363636364,0.625,0.5795454545454546,0.5681818181818182,0.5227272727272727,0.5454545454545454,0.5227272727272727,0.4659090909090909,0.4772727272727273,0.4431818181818182,0.5,0.4772727272727273,0.5568181818181818
25%,0.5,0.3863636363636364,0.625,0.5795454545454546,0.5681818181818182,0.5227272727272727,0.5454545454545454,0.5227272727272727,0.4659090909090909,0.4772727272727273,0.4431818181818182,0.5,0.4772727272727273,0.5568181818181818
50%,0.5,0.3863636363636364,0.625,0.5795454545454546,0.5681818181818182,0.5227272727272727,0.5454545454545454,0.5227272727272727,0.4659090909090909,0.4772727272727273,0.4431818181818182,0.5,0.4772727272727273,0.5568181818181818
75%,0.5,0.3863636363636364,0.625,0.5795454545454546,0.5681818181818182,0.5227272727272727,0.5454545454545454,0.5227272727272727,0.4659090909090909,0.4772727272727273,0.4431818181818182,0.5,0.4772727272727273,0.5568181818181818
max,0.5,0.3863636363636364,0.625,0.5795454545454546,0.5681818181818182,0.5227272727272727,0.5454545454545454,0.5227272727272727,0.4659090909090909,0.4772727272727273,0.4431818181818182,0.5,0.4772727272727273,0.5568181818181818
