,LR,LDA,SVM,KNN-1,KNN-2,KNN-3,KNN-4,KNN-5,KNN-6,KNN-7,KNN-8,KNN-9,KNN-10,KNN-20
mean,0.5795454545454547,0.5454545454545453,0.5909090909090909,0.5,0.5568181818181818,0.5454545454545453,0.6363636363636365,0.6136363636363635,0.6363636363636365,0.5795454545454547,0.6022727272727273,0.5340909090909091,0.5568181818181818,0.47727272727272735
std,1.1702778228589004e-16,1.1702778228589004e-16,0.0,0.0,0.0,1.1702778228589004e-16,1.1702778228589004e-16,1.1702778228589004e-16,1.1702778228589004e-16,1.1702778228589004e-16,0.0,0.0,0.0,5.851389114294502e-17
min,0.5795454545454546,0.5454545454545454,0.5909090909090909,0.5,0.5568181818181818,0.5454545454545454,0.6363636363636364,0.6136363636363636,0.6363636363636364,0.5795454545454546,0.6022727272727273,0.5340909090909091,0.5568181818181818,0.4772727272727273
25%,0.5795454545454546,0.5454545454545454,0.5909090909090909,0.5,0.5568181818181818,0.5454545454545454,0.6363636363636364,0.6136363636363636,0.6363636363636364,0.5795454545454546,0.6022727272727273,0.5340909090909091,0.5568181818181818,0.4772727272727273
50%,0.5795454545454546,0.5454545454545454,0.5909090909090909,0.5,0.5568181818181818,0.5454545454545454,0.6363636363636364,0.6136363636363636,0.6363636363636364,0.5795454545454546,0.6022727272727273,0.5340909090909091,0.5568181818181818,0.4772727272727273
75%,0.5795454545454546,0.5454545454545454,0.5909090909090909,0.5,0.5568181818181818,0.5454545454545454,0.6363636363636364,0.6136363636363636,0.6363636363636364,0.5795454545454546,0.6022727272727273,0.5340909090909091,0.5568181818181818,0.4772727272727273
max,0.5795454545454546,0.5454545454545454,0.5909090909090909,0.5,0.5568181818181818,0.5454545454545454,0.6363636363636364,0.6136363636363636,0.6363636363636364,0.5795454545454546,0.6022727272727273,0.5340909090909091,0.5568181818181818,0.4772727272727273
