,LR,LDA,SVM,KNN-1,KNN-2,KNN-3,KNN-4,KNN-5,KNN-6,KNN-7,KNN-8,KNN-9,KNN-10,KNN-20
mean,0.37386363636363634,0.4738636363636363,0.4284090909090909,0.46931818181818186,0.4920454545454545,0.4761363636363637,0.4909090909090909,0.46931818181818175,0.47727272727272735,0.48977272727272736,0.4670454545454545,0.47727272727272724,0.46590909090909094,0.4295454545454545
std,0.1368310591610978,0.053043829443743334,0.17531373556270863,0.10674159085207065,0.07782224394665423,0.09453774492653347,0.09228752928994584,0.08334194170413606,0.07461255910451595,0.07527307190181197,0.07899339454664446,0.07499617376220957,0.08520622635759084,0.09056120304405217
min,0.1590909090909091,0.375,0.0,0.23863636363636365,0.3522727272727273,0.3181818181818182,0.3409090909090909,0.3181818181818182,0.3522727272727273,0.3636363636363637,0.375,0.375,0.3636363636363637,0.2727272727272727
25%,0.2471590909090909,0.4545454545454545,0.37500000000000006,0.42329545454545464,0.44034090909090906,0.40909090909090906,0.4460227272727273,0.40909090909090906,0.4289772727272728,0.42613636363636365,0.4005681818181818,0.4346590909090909,0.4005681818181818,0.36363636363636365
50%,0.4318181818181818,0.4659090909090909,0.48863636363636365,0.4772727272727273,0.5,0.5,0.5170454545454546,0.5056818181818181,0.4659090909090909,0.5,0.44886363636363635,0.4659090909090909,0.4488636363636364,0.4318181818181819
75%,0.46875,0.49715909090909094,0.53125,0.53125,0.5397727272727273,0.5284090909090908,0.5568181818181819,0.5198863636363636,0.5284090909090908,0.5568181818181819,0.5085227272727273,0.5397727272727273,0.5198863636363636,0.48295454545454547
max,0.5340909090909091,0.5568181818181818,0.6136363636363636,0.6136363636363636,0.6136363636363636,0.6136363636363636,0.6136363636363636,0.5909090909090909,0.5909090909090909,0.5795454545454546,0.6022727272727273,0.5909090909090909,0.5909090909090909,0.5795454545454546
