,LR,LDA,SVM,KNN-1,KNN-2,KNN-3,KNN-4,KNN-5,KNN-6,KNN-7,KNN-8,KNN-9,KNN-10,KNN-20
mean,0.5465909090909091,0.5079545454545454,0.5511363636363636,0.5249999999999999,0.5602272727272727,0.5159090909090909,0.5443181818181818,0.55,0.55,0.5465909090909091,0.5443181818181818,0.5340909090909091,0.5409090909090909,0.5397727272727273
std,0.07584275514381927,0.08018322967675834,0.09822956424159043,0.07418829195360663,0.049692003632144335,0.08789184855923136,0.061650563752647734,0.08657602804340395,0.07673610461879152,0.08874475372173449,0.087769328381795,0.08947736220467968,0.08232865446604337,0.07030572421693405
min,0.4659090909090909,0.3295454545454545,0.3863636363636364,0.3977272727272727,0.4545454545454545,0.3636363636363637,0.4431818181818182,0.3863636363636364,0.4545454545454545,0.4204545454545455,0.4318181818181818,0.375,0.4204545454545455,0.4545454545454545
25%,0.4801136363636364,0.4886363636363637,0.48295454545454547,0.46875,0.5397727272727272,0.4545454545454545,0.5,0.5142045454545454,0.4715909090909091,0.49147727272727276,0.4545454545454546,0.46590909090909083,0.4744318181818182,0.4772727272727273
50%,0.5284090909090908,0.5113636363636364,0.5909090909090908,0.5227272727272727,0.5625,0.5340909090909091,0.5454545454545454,0.5681818181818182,0.5625,0.5625,0.5681818181818181,0.5511363636363636,0.5511363636363636,0.5454545454545454
75%,0.6164772727272727,0.53125,0.6363636363636364,0.59375,0.5880681818181819,0.5994318181818182,0.6022727272727273,0.6051136363636364,0.6136363636363636,0.6022727272727273,0.6221590909090909,0.5994318181818182,0.6079545454545454,0.5738636363636364
max,0.6704545454545454,0.625,0.6363636363636364,0.625,0.6363636363636364,0.6022727272727273,0.625,0.6590909090909091,0.6477272727272727,0.6704545454545454,0.6477272727272727,0.6590909090909091,0.6477272727272727,0.6590909090909091
