,Logistic Regression,LDA,SVM,KNN-1,KNN-2,KNN-3,KNN-4,KNN-5,KNN-6,KNN-7,KNN-8,KNN-9,KNN-10,KNN-20
count,0.0,0.0,0.0,0.0,0.0,0.0,0.0,0.0,0.0,0.0,0.0,0.0,0.0,0.0
mean,-0.018181818181817966,-0.027272727272727004,0.05227272727272736,-0.03409090909090884,-0.009090909090908927,-0.018181818181817966,-0.018181818181818188,-0.006818181818181723,3.3306690738754696e-16,1.1102230246251565e-16,-0.013636363636363447,-0.022727272727272596,0.015909090909091095,0.004545454545454741
std,0.09172612647069871,0.05335399048987567,0.04767312946227949,0.11211097414355096,0.08243315459839652,0.09981617631515506,0.06274630072984427,0.04583176806743679,0.06604392338697977,0.05965157480311963,0.06750505881801645,0.07266411398958653,0.050022951573391324,0.07894797254613942
min,-0.12499999999999989,-0.07954545454545453,0.0,-0.20454545454545453,-0.11363636363636359,-0.19318181818181812,-0.06818181818181812,-0.07954545454545453,-0.12499999999999989,-0.05681818181818171,-0.11363636363636359,-0.12499999999999989,-0.06818181818181812,-0.06818181818181812
25%,-0.05681818181818171,-0.05681818181818171,0.03409090909090917,-0.05681818181818171,-0.07954545454545453,-0.03409090909090906,-0.05681818181818171,-0.011363636363636354,0.022727272727272818,-0.045454545454545414,-0.03409090909090906,-0.03409090909090906,0.022727272727272818,-0.05681818181818171
50%,-0.045454545454545414,-0.03409090909090906,0.045454545454545525,-0.05681818181818171,0.011363636363636354,0.022727272727272818,-0.05681818181818171,0.0,0.03409090909090917,-0.011363636363636354,-0.022727272727272707,-0.03409090909090906,0.022727272727272818,-0.022727272727272707
75%,0.0,-0.03409090909090906,0.045454545454545525,0.03409090909090917,0.03409090909090917,0.03409090909090917,0.0,0.0,0.03409090909090917,0.011363636363636354,0.022727272727272818,-0.011363636363636354,0.022727272727272818,0.03409090909090917
max,0.13636363636363635,0.06818181818181823,0.13636363636363635,0.11363636363636365,0.10227272727272729,0.07954545454545459,0.09090909090909094,0.05681818181818188,0.03409090909090917,0.10227272727272729,0.07954545454545459,0.09090909090909094,0.07954545454545459,0.13636363636363635
