,LR,LDA,SVM,KNN-1,KNN-2,KNN-3,KNN-4,KNN-5,KNN-6,KNN-7,KNN-8,KNN-9,KNN-10,KNN-20
mean,0.4590909090909091,0.4761363636363636,0.45,0.5011363636363636,0.48636363636363633,0.4965909090909091,0.5011363636363636,0.5147727272727273,0.5011363636363637,0.5215909090909091,0.5022727272727272,0.5034090909090909,0.47840909090909084,0.4875
std,0.08250274781855745,0.06570632341441056,0.13069005244150192,0.0871129772129163,0.0370360804896373,0.058937738544954266,0.044642365207836626,0.037897722540244726,0.039889798839093236,0.050946617662408836,0.04037246240749764,0.043864225149133594,0.05233582050905755,0.05526929232415459
min,0.3181818181818182,0.3409090909090909,0.14772727272727273,0.375,0.4204545454545455,0.4090909090909091,0.4318181818181818,0.4318181818181818,0.4318181818181818,0.4204545454545455,0.4318181818181818,0.4090909090909091,0.3863636363636364,0.3863636363636364
25%,0.4090909090909091,0.44034090909090906,0.44886363636363635,0.4460227272727273,0.46875,0.46875,0.4801136363636364,0.5142045454545454,0.4772727272727273,0.49147727272727276,0.4801136363636364,0.49147727272727276,0.46022727272727265,0.4772727272727273
50%,0.4772727272727273,0.4943181818181819,0.48863636363636365,0.5113636363636364,0.4886363636363637,0.4943181818181819,0.4943181818181819,0.5227272727272727,0.5056818181818181,0.5284090909090908,0.4943181818181819,0.5056818181818181,0.48863636363636365,0.4886363636363637
75%,0.5198863636363636,0.5198863636363636,0.5397727272727273,0.5653409090909091,0.5085227272727273,0.5170454545454546,0.5397727272727273,0.5340909090909091,0.5198863636363636,0.5625,0.53125,0.5227272727272727,0.5113636363636364,0.5284090909090908
max,0.5681818181818182,0.5568181818181818,0.5568181818181818,0.6136363636363636,0.5454545454545454,0.6136363636363636,0.5681818181818182,0.5568181818181818,0.5681818181818182,0.5795454545454546,0.5568181818181818,0.5681818181818182,0.5454545454545454,0.5568181818181818
