,Logistic Regression,LDA,SVM,KNN-1,KNN-2,KNN-3,KNN-4,KNN-5,KNN-6,KNN-7,KNN-8,KNN-9,KNN-10,KNN-20
count,0.0,0.0,0.0,0.0,0.0,0.0,0.0,0.0,0.0,0.0,0.0,0.0,0.0,0.0
mean,0.0,0.0,0.1022727272727274,-0.07954545454545436,-0.022727272727272596,-0.0454545454545453,0.0,-0.03409090909090884,-0.03409090909090884,0.034090909090909394,0.02272727272727293,-0.07954545454545436,-0.11363636363636348,0.05681818181818199
std,0.0,0.0,-1.1702778228589004e-16,-5.851389114294502e-17,-1.1702778228589004e-16,-1.1702778228589004e-16,0.0,0.0,0.0,0.0,-1.1702778228589004e-16,-5.851389114294502e-17,-1.1702778228589004e-16,-1.1702778228589004e-16
min,0.0,0.0,0.10227272727272729,-0.07954545454545453,-0.022727272727272707,-0.045454545454545414,0.0,-0.03409090909090906,-0.03409090909090906,0.03409090909090917,0.022727272727272818,-0.07954545454545453,-0.11363636363636359,0.05681818181818188
25%,0.0,0.0,0.10227272727272729,-0.07954545454545453,-0.022727272727272707,-0.045454545454545414,0.0,-0.03409090909090906,-0.03409090909090906,0.03409090909090917,0.022727272727272818,-0.07954545454545453,-0.11363636363636359,0.05681818181818188
50%,0.0,0.0,0.10227272727272729,-0.07954545454545453,-0.022727272727272707,-0.045454545454545414,0.0,-0.03409090909090906,-0.03409090909090906,0.03409090909090917,0.022727272727272818,-0.07954545454545453,-0.11363636363636359,0.05681818181818188
75%,0.0,0.0,0.10227272727272729,-0.07954545454545453,-0.022727272727272707,-0.045454545454545414,0.0,-0.03409090909090906,-0.03409090909090906,0.03409090909090917,0.022727272727272818,-0.07954545454545453,-0.11363636363636359,0.05681818181818188
max,0.0,0.0,0.10227272727272729,-0.07954545454545453,-0.022727272727272707,-0.045454545454545414,0.0,-0.03409090909090906,-0.03409090909090906,0.03409090909090917,0.022727272727272818,-0.07954545454545453,-0.11363636363636359,0.05681818181818188
