,LR,LDA,SVM,KNN-1,KNN-2,KNN-3,KNN-4,KNN-5,KNN-6,KNN-7,KNN-8,KNN-9,KNN-10,KNN-20
mean,0.48863636363636365,0.4545454545454544,0.5795454545454547,0.6022727272727273,0.5795454545454547,0.5681818181818182,0.5340909090909091,0.5227272727272727,0.5454545454545453,0.5454545454545453,0.5340909090909091,0.5113636363636365,0.4318181818181818,0.47727272727272735
std,5.851389114294502e-17,5.851389114294502e-17,1.1702778228589004e-16,0.0,1.1702778228589004e-16,0.0,0.0,0.0,1.1702778228589004e-16,1.1702778228589004e-16,0.0,1.1702778228589004e-16,0.0,5.851389114294502e-17
min,0.4886363636363637,0.4545454545454545,0.5795454545454546,0.6022727272727273,0.5795454545454546,0.5681818181818182,0.5340909090909091,0.5227272727272727,0.5454545454545454,0.5454545454545454,0.5340909090909091,0.5113636363636364,0.4318181818181818,0.4772727272727273
25%,0.4886363636363637,0.4545454545454545,0.5795454545454546,0.6022727272727273,0.5795454545454546,0.5681818181818182,0.5340909090909091,0.5227272727272727,0.5454545454545454,0.5454545454545454,0.5340909090909091,0.5113636363636364,0.4318181818181818,0.4772727272727273
50%,0.4886363636363637,0.4545454545454545,0.5795454545454546,0.6022727272727273,0.5795454545454546,0.5681818181818182,0.5340909090909091,0.5227272727272727,0.5454545454545454,0.5454545454545454,0.5340909090909091,0.5113636363636364,0.4318181818181818,0.4772727272727273
75%,0.4886363636363637,0.4545454545454545,0.5795454545454546,0.6022727272727273,0.5795454545454546,0.5681818181818182,0.5340909090909091,0.5227272727272727,0.5454545454545454,0.5454545454545454,0.5340909090909091,0.5113636363636364,0.4318181818181818,0.4772727272727273
max,0.4886363636363637,0.4545454545454545,0.5795454545454546,0.6022727272727273,0.5795454545454546,0.5681818181818182,0.5340909090909091,0.5227272727272727,0.5454545454545454,0.5454545454545454,0.5340909090909091,0.5113636363636364,0.4318181818181818,0.4772727272727273
