,LR,LDA,SVM,KNN-1,KNN-2,KNN-3,KNN-4,KNN-5,KNN-6,KNN-7,KNN-8,KNN-9,KNN-10,KNN-20
mean,0.4625,0.4738636363636363,0.39204545454545453,0.4818181818181818,0.47727272727272724,0.4579545454545455,0.48863636363636365,0.475,0.475,0.4670454545454546,0.4647727272727272,0.46818181818181814,0.4670454545454545,0.4465909090909091
std,0.09478026639586756,0.053043829443743334,0.1460422549140682,0.08789184855923134,0.06881023532039755,0.07365452139264383,0.06860140256164708,0.07609772123544052,0.05613222288740213,0.06743062618740618,0.047446867485217384,0.045706373118176824,0.06165056375264774,0.08884170723250036
min,0.2954545454545455,0.375,0.07954545454545454,0.2840909090909091,0.3295454545454545,0.2954545454545455,0.3409090909090909,0.3181818181818182,0.4090909090909091,0.3181818181818182,0.3977272727272727,0.3863636363636364,0.3863636363636364,0.3295454545454545
25%,0.39488636363636365,0.4545454545454545,0.36647727272727276,0.45170454545454547,0.46022727272727265,0.4204545454545454,0.4772727272727273,0.4715909090909091,0.4431818181818182,0.4431818181818182,0.42329545454545464,0.4346590909090909,0.4204545454545454,0.3778409090909091
50%,0.46590909090909094,0.4659090909090909,0.4090909090909091,0.5,0.4829545454545455,0.4772727272727273,0.4943181818181819,0.4886363636363637,0.4659090909090909,0.4659090909090909,0.4602272727272727,0.47159090909090906,0.4659090909090909,0.4431818181818181
75%,0.5369318181818181,0.49715909090909094,0.4772727272727273,0.5539772727272727,0.5170454545454546,0.5,0.5284090909090908,0.5056818181818182,0.5056818181818182,0.5284090909090908,0.5142045454545454,0.5,0.4857954545454546,0.5
max,0.5795454545454546,0.5568181818181818,0.5568181818181818,0.5568181818181818,0.5681818181818182,0.5454545454545454,0.5795454545454546,0.5681818181818182,0.5909090909090909,0.5340909090909091,0.5227272727272727,0.5340909090909091,0.5795454545454546,0.6136363636363636
