,Logistic Regression,LDA,SVM,KNN-1,KNN-2,KNN-3,KNN-4,KNN-5,KNN-6,KNN-7,KNN-8,KNN-9,KNN-10,KNN-20
count,0.0,0.0,0.0,0.0,0.0,0.0,0.0,0.0,0.0,0.0,0.0,0.0,0.0,0.0
mean,0.0,0.13636363636363646,0.11363636363636376,-0.05681818181818166,0.0,0.011363636363636465,0.02272727272727293,-0.0454545454545453,0.011363636363636465,0.034090909090909394,0.045454545454545636,0.034090909090909394,0.02272727272727293,0.0795454545454547
std,0.0,-1.1702778228589004e-16,-1.1702778228589004e-16,-5.851389114294502e-17,0.0,-1.1702778228589004e-16,-1.1702778228589004e-16,-1.1702778228589004e-16,-1.1702778228589004e-16,0.0,-1.1702778228589004e-16,0.0,-1.1702778228589004e-16,-1.1702778228589004e-16
min,0.0,0.13636363636363635,0.11363636363636365,-0.05681818181818171,0.0,0.011363636363636354,0.022727272727272818,-0.045454545454545414,0.011363636363636354,0.03409090909090917,0.045454545454545525,0.03409090909090917,0.022727272727272818,0.07954545454545459
25%,0.0,0.13636363636363635,0.11363636363636365,-0.05681818181818171,0.0,0.011363636363636354,0.022727272727272818,-0.045454545454545414,0.011363636363636354,0.03409090909090917,0.045454545454545525,0.03409090909090917,0.022727272727272818,0.07954545454545459
50%,0.0,0.13636363636363635,0.11363636363636365,-0.05681818181818171,0.0,0.011363636363636354,0.022727272727272818,-0.045454545454545414,0.011363636363636354,0.03409090909090917,0.045454545454545525,0.03409090909090917,0.022727272727272818,0.07954545454545459
75%,0.0,0.13636363636363635,0.11363636363636365,-0.05681818181818171,0.0,0.011363636363636354,0.022727272727272818,-0.045454545454545414,0.011363636363636354,0.03409090909090917,0.045454545454545525,0.03409090909090917,0.022727272727272818,0.07954545454545459
max,0.0,0.13636363636363635,0.11363636363636365,-0.05681818181818171,0.0,0.011363636363636354,0.022727272727272818,-0.045454545454545414,0.011363636363636354,0.03409090909090917,0.045454545454545525,0.03409090909090917,0.022727272727272818,0.07954545454545459
