,LR,LDA,SVM,KNN-1,KNN-2,KNN-3,KNN-4,KNN-5,KNN-6,KNN-7,KNN-8,KNN-9,KNN-10,KNN-20
mean,0.6818181818181818,0.4545454545454544,0.6704545454545453,0.6818181818181818,0.6931818181818182,0.7045454545454547,0.6477272727272727,0.7272727272727273,0.7272727272727273,0.7159090909090909,0.7386363636363635,0.7045454545454547,0.6931818181818182,0.6477272727272727
std,0.0,5.851389114294502e-17,1.1702778228589004e-16,0.0,0.0,1.1702778228589004e-16,0.0,0.0,0.0,0.0,1.1702778228589004e-16,1.1702778228589004e-16,0.0,0.0
min,0.6818181818181818,0.4545454545454545,0.6704545454545454,0.6818181818181818,0.6931818181818182,0.7045454545454546,0.6477272727272727,0.7272727272727273,0.7272727272727273,0.7159090909090909,0.7386363636363636,0.7045454545454546,0.6931818181818182,0.6477272727272727
25%,0.6818181818181818,0.4545454545454545,0.6704545454545454,0.6818181818181818,0.6931818181818182,0.7045454545454546,0.6477272727272727,0.7272727272727273,0.7272727272727273,0.7159090909090909,0.7386363636363636,0.7045454545454546,0.6931818181818182,0.6477272727272727
50%,0.6818181818181818,0.4545454545454545,0.6704545454545454,0.6818181818181818,0.6931818181818182,0.7045454545454546,0.6477272727272727,0.7272727272727273,0.7272727272727273,0.7159090909090909,0.7386363636363636,0.7045454545454546,0.6931818181818182,0.6477272727272727
75%,0.6818181818181818,0.4545454545454545,0.6704545454545454,0.6818181818181818,0.6931818181818182,0.7045454545454546,0.6477272727272727,0.7272727272727273,0.7272727272727273,0.7159090909090909,0.7386363636363636,0.7045454545454546,0.6931818181818182,0.6477272727272727
max,0.6818181818181818,0.4545454545454545,0.6704545454545454,0.6818181818181818,0.6931818181818182,0.7045454545454546,0.6477272727272727,0.7272727272727273,0.7272727272727273,0.7159090909090909,0.7386363636363636,0.7045454545454546,0.6931818181818182,0.6477272727272727
