,LR,LDA,SVM,KNN-1,KNN-2,KNN-3,KNN-4,KNN-5,KNN-6,KNN-7,KNN-8,KNN-9,KNN-10,KNN-20
mean,0.8,0.8,0.9419354838709676,0.9483870967741937,0.9483870967741937,0.9483870967741937,0.9483870967741937,0.9483870967741937,0.9483870967741937,0.9225806451612902,0.9225806451612902,0.9419354838709676,0.9419354838709676,0.9419354838709676
std,0.0,0.0,0.0,1.1702778228589004e-16,1.1702778228589004e-16,1.1702778228589004e-16,1.1702778228589004e-16,1.1702778228589004e-16,1.1702778228589004e-16,1.1702778228589004e-16,1.1702778228589004e-16,0.0,0.0,0.0
min,0.8,0.8,0.9419354838709676,0.9483870967741936,0.9483870967741936,0.9483870967741936,0.9483870967741936,0.9483870967741936,0.9483870967741936,0.9225806451612903,0.9225806451612903,0.9419354838709676,0.9419354838709676,0.9419354838709676
25%,0.8,0.8,0.9419354838709676,0.9483870967741936,0.9483870967741936,0.9483870967741936,0.9483870967741936,0.9483870967741936,0.9483870967741936,0.9225806451612903,0.9225806451612903,0.9419354838709676,0.9419354838709676,0.9419354838709676
50%,0.8,0.8,0.9419354838709676,0.9483870967741936,0.9483870967741936,0.9483870967741936,0.9483870967741936,0.9483870967741936,0.9483870967741936,0.9225806451612903,0.9225806451612903,0.9419354838709676,0.9419354838709676,0.9419354838709676
75%,0.8,0.8,0.9419354838709676,0.9483870967741936,0.9483870967741936,0.9483870967741936,0.9483870967741936,0.9483870967741936,0.9483870967741936,0.9225806451612903,0.9225806451612903,0.9419354838709676,0.9419354838709676,0.9419354838709676
max,0.8,0.8,0.9419354838709676,0.9483870967741936,0.9483870967741936,0.9483870967741936,0.9483870967741936,0.9483870967741936,0.9483870967741936,0.9225806451612903,0.9225806451612903,0.9419354838709676,0.9419354838709676,0.9419354838709676
