,LR,LDA,SVM,KNN-1,KNN-2,KNN-3,KNN-4,KNN-5,KNN-6,KNN-7,KNN-8,KNN-9,KNN-10,KNN-20
mean,0.8470967741935483,0.675483870967742,0.8458064516129034,0.7806451612903226,0.7477419354838709,0.8283870967741935,0.8109677419354838,0.8451612903225806,0.8348387096774192,0.8451612903225806,0.8348387096774192,0.852258064516129,0.8516129032258064,0.8580645161290322
std,0.030572447217180127,0.06328941281557611,0.0297132400309488,0.061582026078607924,0.074338334650519,0.05390947907676038,0.06387132978428219,0.049509094336435855,0.053392267126650246,0.051072439084034034,0.05576489637286175,0.03742800542697468,0.04301075268817202,0.03662233627080943
min,0.8,0.5806451612903226,0.8,0.6645161290322581,0.6129032258064516,0.7612903225806451,0.7225806451612903,0.7548387096774194,0.7225806451612903,0.7354838709677419,0.7225806451612903,0.7741935483870968,0.7677419354838709,0.7935483870967742
25%,0.835483870967742,0.6338709677419355,0.8387096774193549,0.7419354838709677,0.7354838709677419,0.7919354838709678,0.7677419354838709,0.814516129032258,0.8129032258064516,0.8209677419354838,0.8096774193548386,0.8451612903225807,0.8306451612903226,0.8516129032258064
50%,0.8516129032258064,0.6903225806451613,0.8451612903225807,0.7870967741935484,0.7548387096774194,0.8193548387096774,0.8064516129032258,0.8516129032258064,0.8290322580645162,0.8516129032258064,0.8387096774193548,0.8548387096774193,0.8548387096774193,0.8548387096774193
75%,0.8612903225806451,0.7129032258064516,0.8661290322580645,0.8064516129032258,0.7774193548387096,0.8564516129032258,0.8516129032258064,0.8758064516129033,0.8629032258064515,0.8790322580645161,0.8693548387096773,0.8741935483870967,0.8774193548387097,0.8709677419354839
max,0.8967741935483872,0.7806451612903226,0.8903225806451613,0.8645161290322579,0.8516129032258064,0.9161290322580644,0.9096774193548388,0.9225806451612903,0.9225806451612903,0.9161290322580644,0.9225806451612903,0.9032258064516128,0.9032258064516128,0.9161290322580644
